case_id,case_created_at,camp_location,screening_status,priority,department,assigned_reviewer
CASE-0001,2026-09-01T07:58:00,Camp-C (Hillside Community Outpost),Review Completed,Medium,Retinal Care,Reviewer-03
CASE-0002,2026-08-31T02:38:00,Camp-C (Hillside Community Outpost),Pending Evidence,Medium,Retinal Care,Reviewer-06
CASE-0003,2026-08-31T05:14:00,Camp-A (North Valley Health Center),Ready for Review,Medium,Ophthalmology,Reviewer-05
CASE-0004,2026-07-20T02:42:00,Camp-E (Highland Primary Screening),Ready for Review,High,Retinal Care,Reviewer-01
CASE-0005,2026-08-31T01:54:00,Camp-A (North Valley Health Center),Ready for Review,Medium,Ophthalmology,Reviewer-11
CASE-0006,2026-08-31T07:41:00,Camp-D (Riverdale Outreach Hub),Pending Evidence,Critical,Retinal Care,Reviewer-01
CASE-0007,2026-08-09T04:44:00,Camp-A (North Valley Health Center),Under Review,Low,Retinal Care,Reviewer-02
CASE-0008,2026-08-30T03:55:00,Camp-E (Highland Primary Screening),Under Review,High,Retinal Care,Reviewer-11
CASE-0009,2026-08-24T02:48:00,Camp-C (Hillside Community Outpost),Pending Evidence,Medium,Glaucoma Screening,Reviewer-02
CASE-0010,2026-08-14T02:15:00,Camp-E (Highland Primary Screening),Ready for Review,Medium,Glaucoma Screening,Reviewer-04
CASE-0011,2026-07-21T03:44:00,Camp-C (Hillside Community Outpost),Under Review,Medium,Glaucoma Screening,Reviewer-11
CASE-0012,2026-08-26T06:43:00,Camp-A (North Valley Health Center),Review Completed,Medium,Ophthalmology,Reviewer-05
CASE-0013,2026-08-25T07:03:00,Camp-B (Eastern Rural Mobile Clinic),Review Completed,Low,Pediatric Eye Health,Reviewer-06
CASE-0014,2026-08-11T02:08:00,Camp-B (Eastern Rural Mobile Clinic),Review Completed,Medium,Corneal Services,Reviewer-02
CASE-0015,2026-07-22T00:34:00,Camp-E (Highland Primary Screening),Review Completed,Low,Corneal Services,Reviewer-02
CASE-0016,2026-08-13T00:40:00,Camp-D (Riverdale Outreach Hub),Review Completed,Critical,Corneal Services,Reviewer-05
CASE-0017,2026-07-22T23:38:00,Camp-A (North Valley Health Center),Review Completed,High,Retinal Care,Reviewer-04
CASE-0018,2026-08-25T01:51:00,Camp-D (Riverdale Outreach Hub),Under Review,High,Pediatric Eye Health,Reviewer-08
CASE-0019,2026-08-18T02:15:00,Camp-B (Eastern Rural Mobile Clinic),Ready for Review,Low,Retinal Care,Reviewer-07
CASE-0020,2026-07-25T05:28:00,Camp-B (Eastern Rural Mobile Clinic),Review Completed,Critical,Corneal Services,Reviewer-08
CASE-0021,2026-08-19T01:39:00,Camp-C (Hillside Community Outpost),Review Completed,High,Glaucoma Screening,Reviewer-07
CASE-0022,2026-08-09T06:21:00,Camp-E (Highland Primary Screening),Review Completed,Medium,Ophthalmology,Reviewer-05
CASE-0023,2026-08-28T00:18:00,Camp-C (Hillside Community Outpost),Pending Evidence,Critical,Ophthalmology,Reviewer-08
CASE-0024,2026-07-15T01:23:00,Camp-E (Highland Primary Screening),Review Completed,High,Glaucoma Screening,Reviewer-01
CASE-0025,2026-08-07T05:40:00,Camp-E (Highland Primary Screening),Review Completed,Critical,Corneal Services,Reviewer-09
CASE-0026,2026-09-01T00:51:00,Camp-C (Hillside Community Outpost),Ready for Review,Low,Ophthalmology,Reviewer-09
CASE-0027,2026-08-25T00:11:00,Camp-D (Riverdale Outreach Hub),Ready for Review,Medium,Pediatric Eye Health,Reviewer-09
CASE-0028,2026-08-22T08:33:00,Camp-D (Riverdale Outreach Hub),Review Completed,Critical,Pediatric Eye Health,Reviewer-05
CASE-0029,2026-07-15T23:01:00,Camp-C (Hillside Community Outpost),Under Review,Low,Glaucoma Screening,Reviewer-08
CASE-0030,2026-08-20T23:32:00,Camp-D (Riverdale Outreach Hub),Review Completed,Critical,Ophthalmology,Reviewer-06
CASE-0031,2026-09-01T00:30:00,Camp-D (Riverdale Outreach Hub),Ready for Review,Medium,Ophthalmology,Reviewer-09
CASE-0032,2026-07-28T02:54:00,Camp-B (Eastern Rural Mobile Clinic),Review Completed,Critical,Ophthalmology,Reviewer-02
CASE-0033,2026-07-26T01:04:00,Camp-B (Eastern Rural Mobile Clinic),Ready for Review,Critical,Glaucoma Screening,Reviewer-06
CASE-0034,2026-07-30T23:38:00,Camp-A (North Valley Health Center),Review Completed,Low,Glaucoma Screening,Reviewer-09
CASE-0035,2026-07-15T07:31:00,Camp-B (Eastern Rural Mobile Clinic),Review Completed,Low,Corneal Services,Reviewer-01
CASE-0036,2026-08-09T23:40:00,Camp-D (Riverdale Outreach Hub),Review Completed,Critical,Corneal Services,Reviewer-05
CASE-0037,2026-08-10T05:19:00,Camp-B (Eastern Rural Mobile Clinic),Under Review,High,Pediatric Eye Health,Reviewer-11
CASE-0038,2026-08-28T06:11:00,Camp-B (Eastern Rural Mobile Clinic),Review Completed,High,Glaucoma Screening,Reviewer-02
CASE-0039,2026-08-30T08:40:00,Camp-D (Riverdale Outreach Hub),Review Completed,Low,Ophthalmology,Reviewer-04
CASE-0040,2026-07-22T03:56:00,Camp-D (Riverdale Outreach Hub),Under Review,Medium,Corneal Services,Reviewer-02
CASE-0041,2026-08-16T23:39:00,Camp-A (North Valley Health Center),Review Completed,High,Retinal Care,Reviewer-01
CASE-0042,2026-08-02T02:32:00,Camp-A (North Valley Health Center),Review Completed,Critical,Glaucoma Screening,Reviewer-02
CASE-0043,2026-07-17T07:39:00,Camp-D (Riverdale Outreach Hub),Under Review,High,Corneal Services,Reviewer-06
CASE-0044,2026-08-10T07:23:00,Camp-E (Highland Primary Screening),Under Review,Medium,Retinal Care,Reviewer-11
CASE-0045,2026-08-22T23:17:00,Camp-D (Riverdale Outreach Hub),Review Completed,Medium,Ophthalmology,Reviewer-11
CASE-0046,2026-08-19T00:52:00,Camp-C (Hillside Community Outpost),Under Review,Low,Glaucoma Screening,Reviewer-05
CASE-0047,2026-07-16T08:32:00,Camp-A (North Valley Health Center),Under Review,Low,Glaucoma Screening,Reviewer-06
CASE-0048,2026-08-22T07:27:00,Camp-A (North Valley Health Center),Ready for Review,Medium,Pediatric Eye Health,Reviewer-06
CASE-0049,2026-07-21T23:39:00,Camp-C (Hillside Community Outpost),Pending Evidence,Critical,Retinal Care,Reviewer-02
CASE-0050,2026-08-02T00:50:00,Camp-A (North Valley Health Center),Review Completed,Low,Glaucoma Screening,Reviewer-06
CASE-0051,2026-07-26T06:01:00,Camp-C (Hillside Community Outpost),Under Review,Critical,Corneal Services,Reviewer-03
CASE-0052,2026-08-14T07:27:00,Camp-E (Highland Primary Screening),Ready for Review,Low,Pediatric Eye Health,Reviewer-11
CASE-0053,2026-08-08T00:26:00,Camp-D (Riverdale Outreach Hub),Review Completed,Medium,Retinal Care,Reviewer-10
CASE-0054,2026-08-31T02:56:00,Camp-D (Riverdale Outreach Hub),Review Completed,High,Pediatric Eye Health,Reviewer-04
CASE-0055,2026-09-01T07:58:00,Camp-C (Hillside Community Outpost),Under Review,Medium,Retinal Care,Reviewer-09
CASE-0056,2026-07-30T00:27:00,Camp-E (Highland Primary Screening),Review Completed,Low,Pediatric Eye Health,Reviewer-07
CASE-0057,2026-08-28T01:57:00,Camp-C (Hillside Community Outpost),Review Completed,Low,Retinal Care,Reviewer-04
CASE-0058,2026-08-09T00:42:00,Camp-A (North Valley Health Center),Under Review,Low,Glaucoma Screening,Reviewer-07
CASE-0059,2026-07-16T06:58:00,Camp-B (Eastern Rural Mobile Clinic),Review Completed,Critical,Pediatric Eye Health,Reviewer-01
CASE-0060,2026-07-22T04:44:00,Camp-A (North Valley Health Center),Under Review,Medium,Ophthalmology,Reviewer-08
CASE-0061,2026-08-22T06:09:00,Camp-C (Hillside Community Outpost),Under Review,Medium,Pediatric Eye Health,Reviewer-02
CASE-0062,2026-07-20T00:37:00,Camp-B (Eastern Rural Mobile Clinic),Pending Evidence,Medium,Pediatric Eye Health,Reviewer-03
CASE-0063,2026-07-25T23:50:00,Camp-B (Eastern Rural Mobile Clinic),Pending Evidence,High,Pediatric Eye Health,Reviewer-10
CASE-0064,2026-08-28T08:49:00,Camp-D (Riverdale Outreach Hub),Ready for Review,Critical,Glaucoma Screening,Reviewer-08
CASE-0065,2026-08-06T05:04:00,Camp-B (Eastern Rural Mobile Clinic),Under Review,High,Corneal Services,Reviewer-04
CASE-0066,2026-07-15T02:36:00,Camp-A (North Valley Health Center),Review Completed,Low,Glaucoma Screening,Reviewer-10
CASE-0067,2026-07-18T03:08:00,Camp-D (Riverdale Outreach Hub),Under Review,Critical,Pediatric Eye Health,Reviewer-03
CASE-0068,2026-07-17T08:21:00,Camp-D (Riverdale Outreach Hub),Review Completed,Medium,Corneal Services,Reviewer-01
CASE-0069,2026-08-21T01:01:00,Camp-E (Highland Primary Screening),Under Review,High,Corneal Services,Reviewer-11
CASE-0070,2026-08-14T07:37:00,Camp-D (Riverdale Outreach Hub),Ready for Review,Critical,Corneal Services,Reviewer-04
CASE-0071,2026-08-22T02:18:00,Camp-D (Riverdale Outreach Hub),Ready for Review,Medium,Glaucoma Screening,Reviewer-05
CASE-0072,2026-08-03T00:26:00,Camp-D (Riverdale Outreach Hub),Review Completed,Critical,Retinal Care,Reviewer-05
CASE-0073,2026-08-21T06:29:00,Camp-C (Hillside Community Outpost),Review Completed,Low,Retinal Care,Reviewer-05
CASE-0074,2026-07-23T04:36:00,Camp-E (Highland Primary Screening),Pending Evidence,Medium,Retinal Care,Reviewer-03
CASE-0075,2026-07-31T05:23:00,Camp-E (Highland Primary Screening),Review Completed,Medium,Retinal Care,Reviewer-06
CASE-0076,2026-08-10T07:25:00,Camp-A (North Valley Health Center),Review Completed,Critical,Ophthalmology,Reviewer-01
CASE-0077,2026-08-13T01:16:00,Camp-E (Highland Primary Screening),Review Completed,Critical,Glaucoma Screening,Reviewer-04
CASE-0078,2026-07-29T05:11:00,Camp-A (North Valley Health Center),Under Review,High,Retinal Care,Reviewer-04
CASE-0079,2026-08-13T02:48:00,Camp-E (Highland Primary Screening),Ready for Review,Medium,Glaucoma Screening,Reviewer-04
CASE-0080,2026-07-14T23:13:00,Camp-E (Highland Primary Screening),Review Completed,Critical,Retinal Care,Reviewer-04
CASE-0081,2026-08-12T05:36:00,Camp-C (Hillside Community Outpost),Under Review,Low,Glaucoma Screening,Reviewer-10
CASE-0082,2026-08-28T08:11:00,Camp-A (North Valley Health Center),Ready for Review,Medium,Glaucoma Screening,Reviewer-11
CASE-0083,2026-07-24T00:43:00,Camp-C (Hillside Community Outpost),Review Completed,Critical,Corneal Services,Reviewer-02
CASE-0084,2026-07-22T03:23:00,Camp-A (North Valley Health Center),Ready for Review,Low,Pediatric Eye Health,Reviewer-04
CASE-0085,2026-07-20T00:38:00,Camp-D (Riverdale Outreach Hub),Review Completed,Low,Retinal Care,Reviewer-09
CASE-0086,2026-08-08T06:12:00,Camp-D (Riverdale Outreach Hub),Pending Evidence,High,Corneal Services,Reviewer-02
CASE-0087,2026-09-01T04:33:00,Camp-D (Riverdale Outreach Hub),Under Review,Medium,Ophthalmology,Reviewer-10
CASE-0088,2026-07-24T02:08:00,Camp-C (Hillside Community Outpost),Under Review,High,Glaucoma Screening,Reviewer-07
CASE-0089,2026-07-29T06:16:00,Camp-E (Highland Primary Screening),Review Completed,Critical,Ophthalmology,Reviewer-04
CASE-0090,2026-08-09T00:21:00,Camp-A (North Valley Health Center),Review Completed,Medium,Ophthalmology,Reviewer-11
CASE-0091,2026-08-31T01:53:00,Camp-C (Hillside Community Outpost),Under Review,Low,Glaucoma Screening,Reviewer-02
CASE-0092,2026-07-28T06:38:00,Camp-E (Highland Primary Screening),Under Review,Critical,Glaucoma Screening,Reviewer-04
CASE-0093,2026-07-23T03:21:00,Camp-D (Riverdale Outreach Hub),Review Completed,Critical,Pediatric Eye Health,Reviewer-10
CASE-0094,2026-07-31T02:33:00,Camp-E (Highland Primary Screening),Ready for Review,Critical,Retinal Care,Reviewer-07
CASE-0095,2026-08-01T06:54:00,Camp-E (Highland Primary Screening),Review Completed,Medium,Ophthalmology,Reviewer-05
CASE-0096,2026-08-26T05:40:00,Camp-A (North Valley Health Center),Review Completed,High,Glaucoma Screening,Reviewer-06
CASE-0097,2026-07-31T07:51:00,Camp-D (Riverdale Outreach Hub),Pending Evidence,High,Ophthalmology,Reviewer-11
CASE-0098,2026-07-31T04:15:00,Camp-C (Hillside Community Outpost),Under Review,Critical,Glaucoma Screening,Reviewer-06
CASE-0099,2026-08-22T01:30:00,Camp-A (North Valley Health Center),Review Completed,Medium,Glaucoma Screening,Reviewer-03
CASE-0100,2026-08-05T06:29:00,Camp-A (North Valley Health Center),Review Completed,Critical,Retinal Care,Reviewer-02
CASE-0101,2026-08-05T03:09:00,Camp-B (Eastern Rural Mobile Clinic),Pending Evidence,High,Retinal Care,Reviewer-11
CASE-0102,2026-08-12T06:35:00,Camp-E (Highland Primary Screening),Under Review,High,Glaucoma Screening,Reviewer-09
CASE-0103,2026-08-06T23:19:00,Camp-A (North Valley Health Center),Review Completed,Critical,Corneal Services,Reviewer-04
CASE-0104,2026-08-09T06:12:00,Camp-C (Hillside Community Outpost),Review Completed,Low,Ophthalmology,Reviewer-06
CASE-0105,2026-08-30T00:08:00,Camp-D (Riverdale Outreach Hub),Ready for Review,High,Retinal Care,Reviewer-04
CASE-0106,2026-07-28T01:59:00,Camp-C (Hillside Community Outpost),Under Review,High,Retinal Care,Reviewer-10
CASE-0107,2026-08-17T02:28:00,Camp-A (North Valley Health Center),Review Completed,High,Retinal Care,Reviewer-02
CASE-0108,2026-08-16T03:08:00,Camp-D (Riverdale Outreach Hub),Review Completed,High,Corneal Services,Reviewer-08
CASE-0109,2026-08-30T05:06:00,Camp-C (Hillside Community Outpost),Review Completed,Low,Retinal Care,Reviewer-04
CASE-0110,2026-07-23T07:22:00,Camp-E (Highland Primary Screening),Review Completed,Low,Corneal Services,Reviewer-01
CASE-0111,2026-08-23T08:20:00,Camp-E (Highland Primary Screening),Review Completed,Medium,Pediatric Eye Health,Reviewer-11
CASE-0112,2026-08-21T08:39:00,Camp-E (Highland Primary Screening),Pending Evidence,Low,Retinal Care,Reviewer-05
CASE-0113,2026-08-31T03:23:00,Camp-E (Highland Primary Screening),Review Completed,Medium,Retinal Care,Reviewer-08
CASE-0114,2026-08-11T04:39:00,Camp-B (Eastern Rural Mobile Clinic),Under Review,Critical,Retinal Care,Reviewer-11
CASE-0115,2026-08-23T03:12:00,Camp-A (North Valley Health Center),Ready for Review,High,Retinal Care,Reviewer-06
CASE-0116,2026-07-29T02:53:00,Camp-D (Riverdale Outreach Hub),Pending Evidence,Medium,Pediatric Eye Health,Reviewer-03
CASE-0117,2026-08-05T06:21:00,Camp-D (Riverdale Outreach Hub),Ready for Review,Low,Retinal Care,Reviewer-02
CASE-0118,2026-08-19T06:19:00,Camp-C (Hillside Community Outpost),Review Completed,Critical,Ophthalmology,Reviewer-02
CASE-0119,2026-07-29T02:11:00,Camp-E (Highland Primary Screening),Review Completed,Low,Retinal Care,Reviewer-07
CASE-0120,2026-08-28T07:35:00,Camp-E (Highland Primary Screening),Under Review,High,Glaucoma Screening,Reviewer-05
CASE-0121,2026-08-11T05:56:00,Camp-D (Riverdale Outreach Hub),Ready for Review,High,Corneal Services,Reviewer-01
CASE-0122,2026-07-15T00:04:00,Camp-C (Hillside Community Outpost),Ready for Review,Medium,Ophthalmology,Reviewer-02
CASE-0123,2026-08-17T03:28:00,Camp-E (Highland Primary Screening),Review Completed,Medium,Glaucoma Screening,Reviewer-08
CASE-0124,2026-07-25T04:14:00,Camp-C (Hillside Community Outpost),Review Completed,Critical,Glaucoma Screening,Reviewer-06
CASE-0125,2026-08-20T06:26:00,Camp-B (Eastern Rural Mobile Clinic),Review Completed,Critical,Ophthalmology,Reviewer-11
CASE-0126,2026-08-21T04:53:00,Camp-D (Riverdale Outreach Hub),Review Completed,High,Retinal Care,Reviewer-09
CASE-0127,2026-08-23T06:47:00,Camp-C (Hillside Community Outpost),Ready for Review,Critical,Glaucoma Screening,Reviewer-03
CASE-0128,2026-08-30T00:47:00,Camp-C (Hillside Community Outpost),Ready for Review,High,Ophthalmology,Reviewer-09
CASE-0129,2026-08-10T05:49:00,Camp-D (Riverdale Outreach Hub),Review Completed,Medium,Ophthalmology,Reviewer-04
CASE-0130,2026-08-23T05:15:00,Camp-A (North Valley Health Center),Pending Evidence,Critical,Corneal Services,Reviewer-11
CASE-0131,2026-08-22T08:24:00,Camp-D (Riverdale Outreach Hub),Review Completed,Critical,Retinal Care,Reviewer-06
CASE-0132,2026-07-20T03:32:00,Camp-A (North Valley Health Center),Under Review,Low,Ophthalmology,Reviewer-01
CASE-0133,2026-07-17T08:05:00,Camp-B (Eastern Rural Mobile Clinic),Under Review,Critical,Ophthalmology,Reviewer-10
CASE-0134,2026-07-17T05:29:00,Camp-C (Hillside Community Outpost),Under Review,Medium,Glaucoma Screening,Reviewer-09
CASE-0135,2026-08-04T03:52:00,Camp-D (Riverdale Outreach Hub),Ready for Review,Low,Ophthalmology,Reviewer-07
CASE-0136,2026-08-25T07:11:00,Camp-B (Eastern Rural Mobile Clinic),Under Review,High,Ophthalmology,Reviewer-06
CASE-0137,2026-08-29T23:52:00,Camp-D (Riverdale Outreach Hub),Pending Evidence,Medium,Glaucoma Screening,Reviewer-08
CASE-0138,2026-07-25T05:42:00,Camp-D (Riverdale Outreach Hub),Review Completed,High,Corneal Services,Reviewer-08
CASE-0139,2026-07-29T04:03:00,Camp-D (Riverdale Outreach Hub),Review Completed,Low,Ophthalmology,Reviewer-01
CASE-0140,2026-07-20T00:04:00,Camp-B (Eastern Rural Mobile Clinic),Under Review,Critical,Pediatric Eye Health,Reviewer-04
CASE-0141,2026-08-05T04:24:00,Camp-C (Hillside Community Outpost),Review Completed,Medium,Retinal Care,Reviewer-10
CASE-0142,2026-08-18T05:17:00,Camp-C (Hillside Community Outpost),Ready for Review,High,Corneal Services,Reviewer-05
CASE-0143,2026-08-09T00:08:00,Camp-E (Highland Primary Screening),Ready for Review,Critical,Glaucoma Screening,Reviewer-01
CASE-0144,2026-08-31T01:14:00,Camp-C (Hillside Community Outpost),Pending Evidence,Low,Ophthalmology,Reviewer-02
CASE-0145,2026-08-30T07:37:00,Camp-E (Highland Primary Screening),Review Completed,High,Ophthalmology,Reviewer-11
CASE-0146,2026-08-31T23:21:00,Camp-D (Riverdale Outreach Hub),Ready for Review,Low,Pediatric Eye Health,Reviewer-05
CASE-0147,2026-08-16T07:47:00,Camp-E (Highland Primary Screening),Pending Evidence,High,Glaucoma Screening,Reviewer-06
CASE-0148,2026-07-18T02:42:00,Camp-C (Hillside Community Outpost),Review Completed,High,Retinal Care,Reviewer-08
CASE-0149,2026-08-30T00:43:00,Camp-E (Highland Primary Screening),Review Completed,Critical,Pediatric Eye Health,Reviewer-11
CASE-0150,2026-08-18T07:43:00,Camp-C (Hillside Community Outpost),Ready for Review,Low,Retinal Care,Reviewer-11
CASE-0151,2026-07-30T04:35:00,Camp-B (Eastern Rural Mobile Clinic),Review Completed,Critical,Pediatric Eye Health,Reviewer-06
CASE-0152,2026-08-02T05:22:00,Camp-B (Eastern Rural Mobile Clinic),Pending Evidence,Low,Glaucoma Screening,Reviewer-04
CASE-0153,2026-08-18T02:21:00,Camp-B (Eastern Rural Mobile Clinic),Review Completed,Medium,Pediatric Eye Health,Reviewer-10
CASE-0154,2026-07-20T02:26:00,Camp-D (Riverdale Outreach Hub),Pending Evidence,Low,Corneal Services,Reviewer-09
CASE-0155,2026-07-27T00:52:00,Camp-E (Highland Primary Screening),Ready for Review,Critical,Ophthalmology,Reviewer-11
CASE-0156,2026-07-27T03:10:00,Camp-D (Riverdale Outreach Hub),Pending Evidence,Low,Retinal Care,Reviewer-04
CASE-0157,2026-08-26T23:57:00,Camp-D (Riverdale Outreach Hub),Pending Evidence,High,Glaucoma Screening,Reviewer-10
CASE-0158,2026-07-22T08:49:00,Camp-A (North Valley Health Center),Review Completed,Critical,Corneal Services,Reviewer-06
CASE-0159,2026-07-31T04:38:00,Camp-A (North Valley Health Center),Under Review,High,Pediatric Eye Health,Reviewer-09
CASE-0160,2026-08-16T05:41:00,Camp-A (North Valley Health Center),Review Completed,High,Glaucoma Screening,Reviewer-02
CASE-0161,2026-07-29T08:05:00,Camp-D (Riverdale Outreach Hub),Under Review,High,Corneal Services,Reviewer-08
CASE-0162,2026-09-01T08:16:00,Camp-B (Eastern Rural Mobile Clinic),Ready for Review,Low,Glaucoma Screening,Reviewer-06
CASE-0163,2026-08-15T01:48:00,Camp-E (Highland Primary Screening),Under Review,Medium,Retinal Care,Reviewer-02
CASE-0164,2026-08-16T01:06:00,Camp-A (North Valley Health Center),Ready for Review,High,Glaucoma Screening,Reviewer-05
CASE-0165,2026-08-27T02:20:00,Camp-C (Hillside Community Outpost),Under Review,Medium,Glaucoma Screening,Reviewer-03
CASE-0166,2026-08-24T05:17:00,Camp-C (Hillside Community Outpost),Review Completed,Medium,Ophthalmology,Reviewer-03
CASE-0167,2026-08-17T04:31:00,Camp-B (Eastern Rural Mobile Clinic),Review Completed,Medium,Retinal Care,Reviewer-01
CASE-0168,2026-08-02T00:45:00,Camp-A (North Valley Health Center),Review Completed,High,Glaucoma Screening,Reviewer-06
CASE-0169,2026-08-20T02:03:00,Camp-E (Highland Primary Screening),Ready for Review,Critical,Glaucoma Screening,Reviewer-04
CASE-0170,2026-08-14T07:19:00,Camp-D (Riverdale Outreach Hub),Under Review,Critical,Pediatric Eye Health,Reviewer-05
CASE-0171,2026-07-15T06:56:00,Camp-C (Hillside Community Outpost),Review Completed,Low,Glaucoma Screening,Reviewer-09
CASE-0172,2026-07-23T08:12:00,Camp-E (Highland Primary Screening),Review Completed,Low,Pediatric Eye Health,Reviewer-05
CASE-0173,2026-07-24T03:11:00,Camp-A (North Valley Health Center),Ready for Review,High,Ophthalmology,Reviewer-11
CASE-0174,2026-08-21T00:37:00,Camp-C (Hillside Community Outpost),Under Review,High,Glaucoma Screening,Reviewer-10
CASE-0175,2026-08-22T23:41:00,Camp-C (Hillside Community Outpost),Pending Evidence,High,Glaucoma Screening,Reviewer-02
CASE-0176,2026-07-22T01:03:00,Camp-A (North Valley Health Center),Under Review,Low,Glaucoma Screening,Reviewer-06
CASE-0177,2026-07-22T23:37:00,Camp-D (Riverdale Outreach Hub),Under Review,Low,Glaucoma Screening,Reviewer-03
CASE-0178,2026-08-13T23:58:00,Camp-E (Highland Primary Screening),Review Completed,High,Retinal Care,Reviewer-01
CASE-0179,2026-07-17T03:09:00,Camp-D (Riverdale Outreach Hub),Review Completed,Critical,Retinal Care,Reviewer-10
CASE-0180,2026-07-20T02:31:00,Camp-E (Highland Primary Screening),Pending Evidence,Low,Pediatric Eye Health,Reviewer-04
CASE-0181,2026-08-20T00:20:00,Camp-E (Highland Primary Screening),Review Completed,Medium,Retinal Care,Reviewer-02
CASE-0182,2026-08-25T08:44:00,Camp-E (Highland Primary Screening),Ready for Review,High,Retinal Care,Reviewer-01
CASE-0183,2026-08-15T08:30:00,Camp-A (North Valley Health Center),Ready for Review,Critical,Ophthalmology,Reviewer-11
CASE-0184,2026-08-30T05:26:00,Camp-C (Hillside Community Outpost),Review Completed,Critical,Corneal Services,Reviewer-07
CASE-0185,2026-07-27T06:32:00,Camp-C (Hillside Community Outpost),Review Completed,High,Pediatric Eye Health,Reviewer-08
CASE-0186,2026-08-06T02:40:00,Camp-D (Riverdale Outreach Hub),Review Completed,Medium,Corneal Services,Reviewer-04
CASE-0187,2026-08-08T01:29:00,Camp-B (Eastern Rural Mobile Clinic),Pending Evidence,Medium,Retinal Care,Reviewer-04
CASE-0188,2026-08-06T23:12:00,Camp-E (Highland Primary Screening),Pending Evidence,Low,Pediatric Eye Health,Reviewer-09
CASE-0189,2026-08-23T01:06:00,Camp-D (Riverdale Outreach Hub),Under Review,Low,Ophthalmology,Reviewer-03
CASE-0190,2026-07-30T23:49:00,Camp-D (Riverdale Outreach Hub),Under Review,Critical,Pediatric Eye Health,Reviewer-01
CASE-0191,2026-08-01T05:46:00,Camp-E (Highland Primary Screening),Pending Evidence,Critical,Glaucoma Screening,Reviewer-07
CASE-0192,2026-08-06T06:49:00,Camp-C (Hillside Community Outpost),Review Completed,Medium,Pediatric Eye Health,Reviewer-08
CASE-0193,2026-07-23T00:54:00,Camp-D (Riverdale Outreach Hub),Review Completed,High,Pediatric Eye Health,Reviewer-07
CASE-0194,2026-07-23T05:59:00,Camp-B (Eastern Rural Mobile Clinic),Ready for Review,High,Corneal Services,Reviewer-02
CASE-0195,2026-07-16T08:06:00,Camp-E (Highland Primary Screening),Review Completed,High,Corneal Services,Reviewer-09
CASE-0196,2026-08-13T05:26:00,Camp-C (Hillside Community Outpost),Under Review,Low,Retinal Care,Reviewer-06
CASE-0197,2026-07-25T07:38:00,Camp-D (Riverdale Outreach Hub),Under Review,Low,Ophthalmology,Reviewer-09
CASE-0198,2026-07-18T04:23:00,Camp-B (Eastern Rural Mobile Clinic),Review Completed,Low,Retinal Care,Reviewer-05
CASE-0199,2026-07-18T01:29:00,Camp-B (Eastern Rural Mobile Clinic),Review Completed,Medium,Retinal Care,Reviewer-10
CASE-0200,2026-08-03T02:22:00,Camp-D (Riverdale Outreach Hub),Ready for Review,Medium,Retinal Care,Reviewer-09
CASE-0201,2026-08-26T01:48:00,Camp-C (Hillside Community Outpost),Pending Evidence,Low,Glaucoma Screening,Reviewer-10
CASE-0202,2026-08-19T03:40:00,Camp-E (Highland Primary Screening),Under Review,Critical,Corneal Services,Reviewer-06
CASE-0203,2026-08-20T00:35:00,Camp-C (Hillside Community Outpost),Under Review,Medium,Glaucoma Screening,Reviewer-05
CASE-0204,2026-08-21T02:21:00,Camp-A (North Valley Health Center),Review Completed,Critical,Pediatric Eye Health,Reviewer-04
CASE-0205,2026-08-11T00:10:00,Camp-A (North Valley Health Center),Under Review,Critical,Glaucoma Screening,Reviewer-09
CASE-0206,2026-08-27T06:27:00,Camp-A (North Valley Health Center),Review Completed,High,Corneal Services,Reviewer-03
CASE-0207,2026-08-04T06:46:00,Camp-E (Highland Primary Screening),Ready for Review,Low,Corneal Services,Reviewer-11
CASE-0208,2026-07-23T03:05:00,Camp-D (Riverdale Outreach Hub),Ready for Review,High,Pediatric Eye Health,Reviewer-06
CASE-0209,2026-08-10T05:13:00,Camp-C (Hillside Community Outpost),Review Completed,Medium,Corneal Services,Reviewer-01
CASE-0210,2026-08-05T03:43:00,Camp-B (Eastern Rural Mobile Clinic),Review Completed,High,Ophthalmology,Reviewer-01
CASE-0211,2026-07-22T07:01:00,Camp-D (Riverdale Outreach Hub),Pending Evidence,Low,Corneal Services,Reviewer-01
CASE-0212,2026-08-05T02:05:00,Camp-A (North Valley Health Center),Ready for Review,Medium,Pediatric Eye Health,Reviewer-01
CASE-0213,2026-08-21T00:57:00,Camp-D (Riverdale Outreach Hub),Under Review,High,Retinal Care,Reviewer-07
CASE-0214,2026-07-17T08:34:00,Camp-A (North Valley Health Center),Under Review,Critical,Retinal Care,Reviewer-11
CASE-0215,2026-07-24T05:55:00,Camp-B (Eastern Rural Mobile Clinic),Review Completed,High,Glaucoma Screening,Reviewer-11
CASE-0216,2026-08-30T06:53:00,Camp-E (Highland Primary Screening),Review Completed,Medium,Glaucoma Screening,Reviewer-01
CASE-0217,2026-09-01T00:44:00,Camp-B (Eastern Rural Mobile Clinic),Ready for Review,Low,Ophthalmology,Reviewer-10
CASE-0218,2026-08-14T05:32:00,Camp-C (Hillside Community Outpost),Review Completed,Critical,Corneal Services,Reviewer-01
CASE-0219,2026-08-26T05:12:00,Camp-D (Riverdale Outreach Hub),Pending Evidence,Critical,Retinal Care,Reviewer-04
CASE-0220,2026-08-29T04:51:00,Camp-A (North Valley Health Center),Review Completed,Critical,Glaucoma Screening,Reviewer-07
CASE-0221,2026-08-04T23:45:00,Camp-E (Highland Primary Screening),Review Completed,Low,Retinal Care,Reviewer-07
CASE-0222,2026-08-03T06:04:00,Camp-D (Riverdale Outreach Hub),Pending Evidence,High,Retinal Care,Reviewer-11
CASE-0223,2026-08-02T23:57:00,Camp-C (Hillside Community Outpost),Review Completed,Medium,Corneal Services,Reviewer-11
CASE-0224,2026-07-29T00:02:00,Camp-C (Hillside Community Outpost),Under Review,High,Glaucoma Screening,Reviewer-11
CASE-0225,2026-07-22T08:41:00,Camp-B (Eastern Rural Mobile Clinic),Under Review,Low,Ophthalmology,Reviewer-04
CASE-0226,2026-08-21T23:49:00,Camp-E (Highland Primary Screening),Under Review,Medium,Corneal Services,Reviewer-03
CASE-0227,2026-08-07T01:10:00,Camp-B (Eastern Rural Mobile Clinic),Pending Evidence,High,Glaucoma Screening,Reviewer-03
CASE-0228,2026-08-06T23:06:00,Camp-B (Eastern Rural Mobile Clinic),Ready for Review,High,Glaucoma Screening,Reviewer-02
CASE-0229,2026-08-07T06:14:00,Camp-D (Riverdale Outreach Hub),Review Completed,Critical,Corneal Services,Reviewer-06
CASE-0230,2026-08-13T01:04:00,Camp-E (Highland Primary Screening),Review Completed,Low,Corneal Services,Reviewer-10
CASE-0231,2026-08-13T01:52:00,Camp-C (Hillside Community Outpost),Under Review,Medium,Glaucoma Screening,Reviewer-08
CASE-0232,2026-08-29T04:36:00,Camp-D (Riverdale Outreach Hub),Ready for Review,Low,Corneal Services,Reviewer-05
CASE-0233,2026-08-24T00:41:00,Camp-C (Hillside Community Outpost),Review Completed,Critical,Glaucoma Screening,Reviewer-06
CASE-0234,2026-08-25T05:51:00,Camp-B (Eastern Rural Mobile Clinic),Ready for Review,High,Retinal Care,Reviewer-03
CASE-0235,2026-08-31T07:50:00,Camp-C (Hillside Community Outpost),Ready for Review,High,Pediatric Eye Health,Reviewer-06
CASE-0236,2026-08-21T03:35:00,Camp-D (Riverdale Outreach Hub),Pending Evidence,Medium,Retinal Care,Reviewer-07
CASE-0237,2026-07-16T04:16:00,Camp-D (Riverdale Outreach Hub),Review Completed,Critical,Retinal Care,Reviewer-05
CASE-0238,2026-07-25T02:52:00,Camp-B (Eastern Rural Mobile Clinic),Under Review,Critical,Glaucoma Screening,Reviewer-05
CASE-0239,2026-08-07T23:16:00,Camp-C (Hillside Community Outpost),Under Review,High,Retinal Care,Reviewer-10
CASE-0240,2026-07-28T04:03:00,Camp-B (Eastern Rural Mobile Clinic),Review Completed,Critical,Glaucoma Screening,Reviewer-03
CASE-0241,2026-08-09T23:58:00,Camp-C (Hillside Community Outpost),Review Completed,Low,Glaucoma Screening,Reviewer-07
CASE-0242,2026-07-19T01:22:00,Camp-A (North Valley Health Center),Ready for Review,Critical,Corneal Services,Reviewer-10
CASE-0243,2026-08-29T04:23:00,Camp-D (Riverdale Outreach Hub),Review Completed,Low,Retinal Care,Reviewer-10
CASE-0244,2026-07-31T01:17:00,Camp-E (Highland Primary Screening),Under Review,Low,Retinal Care,Reviewer-11
CASE-0245,2026-08-14T06:43:00,Camp-E (Highland Primary Screening),Review Completed,Critical,Retinal Care,Reviewer-04
CASE-0246,2026-08-31T08:04:00,Camp-A (North Valley Health Center),Review Completed,High,Corneal Services,Reviewer-02
CASE-0247,2026-07-16T05:32:00,Camp-B (Eastern Rural Mobile Clinic),Review Completed,Low,Retinal Care,Reviewer-03
CASE-0248,2026-07-19T05:43:00,Camp-E (Highland Primary Screening),Review Completed,High,Glaucoma Screening,Reviewer-11
CASE-0249,2026-08-11T02:03:00,Camp-A (North Valley Health Center),Review Completed,High,Retinal Care,Reviewer-09
CASE-0250,2026-08-22T05:26:00,Camp-B (Eastern Rural Mobile Clinic),Pending Evidence,Critical,Pediatric Eye Health,Reviewer-06
CASE-0251,2026-08-20T04:15:00,Camp-B (Eastern Rural Mobile Clinic),Review Completed,Critical,Ophthalmology,Reviewer-10
CASE-0252,2026-08-05T05:21:00,Camp-B (Eastern Rural Mobile Clinic),Ready for Review,Medium,Corneal Services,Reviewer-07
CASE-0253,2026-08-16T07:53:00,Camp-E (Highland Primary Screening),Under Review,Low,Ophthalmology,Reviewer-06
CASE-0254,2026-08-25T03:57:00,Camp-B (Eastern Rural Mobile Clinic),Review Completed,High,Glaucoma Screening,Reviewer-06
CASE-0255,2026-08-01T08:31:00,Camp-C (Hillside Community Outpost),Under Review,Critical,Pediatric Eye Health,Reviewer-08
CASE-0256,2026-07-20T07:34:00,Camp-C (Hillside Community Outpost),Review Completed,Low,Pediatric Eye Health,Reviewer-06
CASE-0257,2026-08-08T07:34:00,Camp-C (Hillside Community Outpost),Pending Evidence,Medium,Retinal Care,Reviewer-07
CASE-0258,2026-07-31T05:28:00,Camp-D (Riverdale Outreach Hub),Review Completed,Critical,Glaucoma Screening,Reviewer-05
CASE-0259,2026-07-20T04:06:00,Camp-B (Eastern Rural Mobile Clinic),Under Review,Critical,Pediatric Eye Health,Reviewer-05
CASE-0260,2026-08-13T03:22:00,Camp-D (Riverdale Outreach Hub),Under Review,High,Glaucoma Screening,Reviewer-06
CASE-0261,2026-07-19T02:08:00,Camp-C (Hillside Community Outpost),Review Completed,Medium,Ophthalmology,Reviewer-03
CASE-0262,2026-08-02T08:04:00,Camp-D (Riverdale Outreach Hub),Ready for Review,Medium,Pediatric Eye Health,Reviewer-04
CASE-0263,2026-07-30T08:32:00,Camp-E (Highland Primary Screening),Review Completed,Low,Corneal Services,Reviewer-05
CASE-0264,2026-07-20T03:09:00,Camp-D (Riverdale Outreach Hub),Review Completed,Medium,Retinal Care,Reviewer-05
CASE-0265,2026-08-11T02:52:00,Camp-E (Highland Primary Screening),Review Completed,Low,Retinal Care,Reviewer-09
CASE-0266,2026-08-19T03:49:00,Camp-C (Hillside Community Outpost),Review Completed,Critical,Glaucoma Screening,Reviewer-02
CASE-0267,2026-08-06T05:51:00,Camp-D (Riverdale Outreach Hub),Under Review,Critical,Glaucoma Screening,Reviewer-08
CASE-0268,2026-08-12T03:59:00,Camp-C (Hillside Community Outpost),Review Completed,Medium,Pediatric Eye Health,Reviewer-07
CASE-0269,2026-07-15T06:58:00,Camp-A (North Valley Health Center),Review Completed,High,Pediatric Eye Health,Reviewer-04
CASE-0270,2026-07-17T23:16:00,Camp-B (Eastern Rural Mobile Clinic),Ready for Review,Medium,Glaucoma Screening,Reviewer-02
CASE-0271,2026-07-17T02:07:00,Camp-B (Eastern Rural Mobile Clinic),Review Completed,Medium,Retinal Care,Reviewer-08
CASE-0272,2026-08-23T06:09:00,Camp-E (Highland Primary Screening),Review Completed,Low,Glaucoma Screening,Reviewer-05
CASE-0273,2026-08-12T07:08:00,Camp-E (Highland Primary Screening),Review Completed,Critical,Pediatric Eye Health,Reviewer-07
CASE-0274,2026-08-21T08:42:00,Camp-B (Eastern Rural Mobile Clinic),Under Review,Critical,Retinal Care,Reviewer-02
CASE-0275,2026-08-06T06:56:00,Camp-E (Highland Primary Screening),Review Completed,Medium,Corneal Services,Reviewer-01
CASE-0276,2026-07-28T06:40:00,Camp-E (Highland Primary Screening),Under Review,Critical,Glaucoma Screening,Reviewer-02
CASE-0277,2026-07-16T00:23:00,Camp-A (North Valley Health Center),Under Review,Low,Corneal Services,Reviewer-07
CASE-0278,2026-09-01T06:33:00,Camp-E (Highland Primary Screening),Pending Evidence,Critical,Glaucoma Screening,Reviewer-09
CASE-0279,2026-08-09T05:31:00,Camp-A (North Valley Health Center),Under Review,Low,Retinal Care,Reviewer-05
CASE-0280,2026-08-24T07:51:00,Camp-C (Hillside Community Outpost),Review Completed,Medium,Pediatric Eye Health,Reviewer-09
CASE-0281,2026-08-06T00:31:00,Camp-C (Hillside Community Outpost),Ready for Review,Critical,Ophthalmology,Reviewer-04
CASE-0282,2026-08-11T00:09:00,Camp-B (Eastern Rural Mobile Clinic),Under Review,Critical,Ophthalmology,Reviewer-02
CASE-0283,2026-08-03T02:03:00,Camp-E (Highland Primary Screening),Under Review,Low,Pediatric Eye Health,Reviewer-06
CASE-0284,2026-08-05T00:18:00,Camp-C (Hillside Community Outpost),Pending Evidence,Medium,Corneal Services,Reviewer-03
CASE-0285,2026-08-20T01:15:00,Camp-D (Riverdale Outreach Hub),Review Completed,High,Pediatric Eye Health,Reviewer-10
CASE-0286,2026-08-31T00:52:00,Camp-B (Eastern Rural Mobile Clinic),Under Review,Critical,Corneal Services,Reviewer-04
CASE-0287,2026-08-13T01:44:00,Camp-C (Hillside Community Outpost),Under Review,Medium,Corneal Services,Reviewer-09
CASE-0288,2026-07-26T01:46:00,Camp-A (North Valley Health Center),Under Review,Low,Glaucoma Screening,Reviewer-03
CASE-0289,2026-08-09T04:24:00,Camp-A (North Valley Health Center),Review Completed,Low,Retinal Care,Reviewer-05
CASE-0290,2026-07-31T00:25:00,Camp-A (North Valley Health Center),Review Completed,Medium,Corneal Services,Reviewer-02
CASE-0291,2026-07-26T08:29:00,Camp-E (Highland Primary Screening),Ready for Review,Critical,Retinal Care,Reviewer-04
CASE-0292,2026-08-01T03:38:00,Camp-B (Eastern Rural Mobile Clinic),Under Review,Critical,Glaucoma Screening,Reviewer-11
CASE-0293,2026-08-13T07:49:00,Camp-A (North Valley Health Center),Under Review,Medium,Pediatric Eye Health,Reviewer-01
CASE-0294,2026-08-06T01:12:00,Camp-A (North Valley Health Center),Review Completed,Medium,Glaucoma Screening,Reviewer-03
CASE-0295,2026-07-18T04:34:00,Camp-E (Highland Primary Screening),Ready for Review,Critical,Retinal Care,Reviewer-04
CASE-0296,2026-08-09T07:11:00,Camp-A (North Valley Health Center),Review Completed,High,Pediatric Eye Health,Reviewer-07
CASE-0297,2026-08-01T01:55:00,Camp-A (North Valley Health Center),Pending Evidence,Medium,Pediatric Eye Health,Reviewer-08
CASE-0298,2026-07-20T00:46:00,Camp-D (Riverdale Outreach Hub),Review Completed,Low,Ophthalmology,Reviewer-07
CASE-0299,2026-08-26T03:39:00,Camp-E (Highland Primary Screening),Review Completed,Medium,Retinal Care,Reviewer-09
CASE-0300,2026-07-25T01:53:00,Camp-E (Highland Primary Screening),Under Review,Medium,Pediatric Eye Health,Reviewer-05
CASE-0301,2026-08-01T04:47:00,Camp-B (Eastern Rural Mobile Clinic),Pending Evidence,Medium,Glaucoma Screening,Reviewer-11
CASE-0302,2026-07-25T02:26:00,Camp-C (Hillside Community Outpost),Pending Evidence,Critical,Retinal Care,Reviewer-11
CASE-0303,2026-08-22T05:44:00,Camp-D (Riverdale Outreach Hub),Review Completed,Medium,Retinal Care,Reviewer-05
CASE-0304,2026-08-23T00:13:00,Camp-B (Eastern Rural Mobile Clinic),Review Completed,Critical,Corneal Services,Reviewer-08
CASE-0305,2026-08-22T05:11:00,Camp-D (Riverdale Outreach Hub),Under Review,High,Corneal Services,Reviewer-09
CASE-0306,2026-08-08T02:14:00,Camp-E (Highland Primary Screening),Review Completed,Medium,Ophthalmology,Reviewer-07
CASE-0307,2026-08-28T02:26:00,Camp-D (Riverdale Outreach Hub),Review Completed,Critical,Corneal Services,Reviewer-03
CASE-0308,2026-08-27T04:54:00,Camp-D (Riverdale Outreach Hub),Ready for Review,High,Ophthalmology,Reviewer-02
CASE-0309,2026-08-11T03:16:00,Camp-C (Hillside Community Outpost),Review Completed,Medium,Corneal Services,Reviewer-06
CASE-0310,2026-08-01T02:12:00,Camp-E (Highland Primary Screening),Under Review,High,Ophthalmology,Reviewer-07
CASE-0311,2026-07-21T07:53:00,Camp-D (Riverdale Outreach Hub),Under Review,Medium,Ophthalmology,Reviewer-06
CASE-0312,2026-07-15T23:47:00,Camp-A (North Valley Health Center),Under Review,High,Pediatric Eye Health,Reviewer-03
CASE-0313,2026-08-14T06:12:00,Camp-A (North Valley Health Center),Under Review,High,Pediatric Eye Health,Reviewer-05
CASE-0314,2026-07-15T02:34:00,Camp-A (North Valley Health Center),Review Completed,High,Pediatric Eye Health,Reviewer-05
CASE-0315,2026-07-27T07:16:00,Camp-B (Eastern Rural Mobile Clinic),Under Review,Critical,Glaucoma Screening,Reviewer-11
CASE-0316,2026-07-22T02:42:00,Camp-D (Riverdale Outreach Hub),Review Completed,Low,Corneal Services,Reviewer-02
CASE-0317,2026-07-19T08:34:00,Camp-E (Highland Primary Screening),Under Review,Critical,Pediatric Eye Health,Reviewer-02
CASE-0318,2026-07-29T06:32:00,Camp-A (North Valley Health Center),Under Review,High,Retinal Care,Reviewer-01
CASE-0319,2026-07-24T02:55:00,Camp-E (Highland Primary Screening),Review Completed,High,Corneal Services,Reviewer-07
CASE-0320,2026-08-25T00:52:00,Camp-E (Highland Primary Screening),Review Completed,Low,Glaucoma Screening,Reviewer-06
CASE-0321,2026-07-25T07:02:00,Camp-A (North Valley Health Center),Ready for Review,High,Retinal Care,Reviewer-07
CASE-0322,2026-08-21T01:37:00,Camp-D (Riverdale Outreach Hub),Under Review,High,Pediatric Eye Health,Reviewer-05
CASE-0323,2026-07-31T00:15:00,Camp-A (North Valley Health Center),Ready for Review,Low,Glaucoma Screening,Reviewer-10
CASE-0324,2026-08-25T03:01:00,Camp-B (Eastern Rural Mobile Clinic),Review Completed,Low,Pediatric Eye Health,Reviewer-05
CASE-0325,2026-07-31T06:33:00,Camp-A (North Valley Health Center),Review Completed,Low,Glaucoma Screening,Reviewer-03
CASE-0326,2026-08-07T02:12:00,Camp-C (Hillside Community Outpost),Ready for Review,Medium,Ophthalmology,Reviewer-11
CASE-0327,2026-08-29T03:32:00,Camp-E (Highland Primary Screening),Ready for Review,Critical,Ophthalmology,Reviewer-08
CASE-0328,2026-08-18T07:51:00,Camp-D (Riverdale Outreach Hub),Review Completed,High,Ophthalmology,Reviewer-04
CASE-0329,2026-08-29T03:46:00,Camp-C (Hillside Community Outpost),Review Completed,High,Glaucoma Screening,Reviewer-10
CASE-0330,2026-08-08T07:03:00,Camp-A (North Valley Health Center),Under Review,Low,Retinal Care,Reviewer-01
CASE-0331,2026-07-31T08:49:00,Camp-E (Highland Primary Screening),Pending Evidence,Medium,Corneal Services,Reviewer-05
CASE-0332,2026-09-01T06:23:00,Camp-B (Eastern Rural Mobile Clinic),Pending Evidence,Low,Pediatric Eye Health,Reviewer-09
CASE-0333,2026-09-01T03:19:00,Camp-E (Highland Primary Screening),Under Review,High,Corneal Services,Reviewer-02
CASE-0334,2026-08-18T03:42:00,Camp-B (Eastern Rural Mobile Clinic),Pending Evidence,Critical,Pediatric Eye Health,Reviewer-03
CASE-0335,2026-07-19T23:47:00,Camp-A (North Valley Health Center),Ready for Review,Low,Retinal Care,Reviewer-07
CASE-0336,2026-07-29T03:05:00,Camp-A (North Valley Health Center),Under Review,Medium,Retinal Care,Reviewer-08
CASE-0337,2026-08-25T05:53:00,Camp-C (Hillside Community Outpost),Review Completed,Low,Corneal Services,Reviewer-10
CASE-0338,2026-07-22T06:39:00,Camp-B (Eastern Rural Mobile Clinic),Review Completed,Critical,Glaucoma Screening,Reviewer-08
CASE-0339,2026-08-18T02:54:00,Camp-E (Highland Primary Screening),Review Completed,Medium,Glaucoma Screening,Reviewer-02
CASE-0340,2026-08-25T06:35:00,Camp-A (North Valley Health Center),Under Review,High,Glaucoma Screening,Reviewer-01
CASE-0341,2026-08-29T08:21:00,Camp-B (Eastern Rural Mobile Clinic),Review Completed,Medium,Pediatric Eye Health,Reviewer-01
CASE-0342,2026-08-18T02:48:00,Camp-E (Highland Primary Screening),Pending Evidence,Low,Pediatric Eye Health,Reviewer-08
CASE-0343,2026-07-25T08:11:00,Camp-C (Hillside Community Outpost),Review Completed,Medium,Retinal Care,Reviewer-11
CASE-0344,2026-07-16T00:53:00,Camp-E (Highland Primary Screening),Under Review,Low,Retinal Care,Reviewer-10
CASE-0345,2026-07-18T02:44:00,Camp-B (Eastern Rural Mobile Clinic),Under Review,Low,Pediatric Eye Health,Reviewer-03
CASE-0346,2026-08-04T06:52:00,Camp-E (Highland Primary Screening),Review Completed,Low,Glaucoma Screening,Reviewer-06
CASE-0347,2026-07-27T02:05:00,Camp-A (North Valley Health Center),Review Completed,Critical,Retinal Care,Reviewer-08
CASE-0348,2026-08-19T03:23:00,Camp-A (North Valley Health Center),Review Completed,Critical,Pediatric Eye Health,Reviewer-01
CASE-0349,2026-08-27T02:38:00,Camp-C (Hillside Community Outpost),Under Review,Medium,Retinal Care,Reviewer-06
CASE-0350,2026-07-26T07:57:00,Camp-B (Eastern Rural Mobile Clinic),Under Review,Critical,Retinal Care,Reviewer-09
CASE-0351,2026-08-22T00:32:00,Camp-D (Riverdale Outreach Hub),Ready for Review,Critical,Corneal Services,Reviewer-11
CASE-0352,2026-07-28T02:52:00,Camp-B (Eastern Rural Mobile Clinic),Under Review,Low,Glaucoma Screening,Reviewer-06
CASE-0353,2026-07-27T02:44:00,Camp-E (Highland Primary Screening),Under Review,Medium,Glaucoma Screening,Reviewer-10
CASE-0354,2026-08-05T08:19:00,Camp-E (Highland Primary Screening),Under Review,Low,Retinal Care,Reviewer-10
CASE-0355,2026-07-25T07:53:00,Camp-B (Eastern Rural Mobile Clinic),Pending Evidence,High,Corneal Services,Reviewer-03
CASE-0356,2026-08-13T08:02:00,Camp-B (Eastern Rural Mobile Clinic),Under Review,Low,Pediatric Eye Health,Reviewer-02
CASE-0357,2026-08-20T07:37:00,Camp-E (Highland Primary Screening),Pending Evidence,Critical,Corneal Services,Reviewer-08
CASE-0358,2026-07-16T04:07:00,Camp-C (Hillside Community Outpost),Review Completed,Low,Pediatric Eye Health,Reviewer-10
CASE-0359,2026-08-05T06:37:00,Camp-B (Eastern Rural Mobile Clinic),Review Completed,Medium,Ophthalmology,Reviewer-11
CASE-0360,2026-08-26T00:42:00,Camp-E (Highland Primary Screening),Review Completed,Critical,Ophthalmology,Reviewer-11
CASE-0361,2026-08-07T08:02:00,Camp-E (Highland Primary Screening),Review Completed,Low,Pediatric Eye Health,Reviewer-06
CASE-0362,2026-07-19T02:45:00,Camp-B (Eastern Rural Mobile Clinic),Under Review,Medium,Ophthalmology,Reviewer-06
CASE-0363,2026-07-30T00:44:00,Camp-E (Highland Primary Screening),Ready for Review,Critical,Glaucoma Screening,Reviewer-05
CASE-0364,2026-08-01T07:38:00,Camp-B (Eastern Rural Mobile Clinic),Under Review,High,Pediatric Eye Health,Reviewer-05
CASE-0365,2026-08-03T06:42:00,Camp-A (North Valley Health Center),Ready for Review,Critical,Glaucoma Screening,Reviewer-06
CASE-0366,2026-08-25T05:52:00,Camp-A (North Valley Health Center),Review Completed,High,Ophthalmology,Reviewer-04
CASE-0367,2026-07-30T23:29:00,Camp-C (Hillside Community Outpost),Review Completed,Medium,Retinal Care,Reviewer-06
CASE-0368,2026-07-27T04:06:00,Camp-B (Eastern Rural Mobile Clinic),Review Completed,Medium,Pediatric Eye Health,Reviewer-03
CASE-0369,2026-08-23T03:28:00,Camp-A (North Valley Health Center),Review Completed,Critical,Retinal Care,Reviewer-06
CASE-0370,2026-08-05T01:23:00,Camp-C (Hillside Community Outpost),Under Review,Low,Corneal Services,Reviewer-01
CASE-0371,2026-08-14T00:17:00,Camp-E (Highland Primary Screening),Pending Evidence,Low,Retinal Care,Reviewer-05
CASE-0372,2026-08-24T05:43:00,Camp-B (Eastern Rural Mobile Clinic),Review Completed,Medium,Glaucoma Screening,Reviewer-05
CASE-0373,2026-08-31T02:54:00,Camp-B (Eastern Rural Mobile Clinic),Review Completed,High,Pediatric Eye Health,Reviewer-04
CASE-0374,2026-07-30T06:24:00,Camp-D (Riverdale Outreach Hub),Review Completed,Medium,Retinal Care,Reviewer-11
CASE-0375,2026-08-17T00:43:00,Camp-E (Highland Primary Screening),Review Completed,Low,Glaucoma Screening,Reviewer-07
CASE-0376,2026-07-19T07:30:00,Camp-D (Riverdale Outreach Hub),Review Completed,Medium,Glaucoma Screening,Reviewer-01
CASE-0377,2026-08-08T00:55:00,Camp-B (Eastern Rural Mobile Clinic),Review Completed,High,Retinal Care,Reviewer-11
CASE-0378,2026-08-26T01:16:00,Camp-D (Riverdale Outreach Hub),Pending Evidence,Medium,Corneal Services,Reviewer-04
CASE-0379,2026-07-22T23:24:00,Camp-B (Eastern Rural Mobile Clinic),Review Completed,High,Retinal Care,Reviewer-08
CASE-0380,2026-07-20T00:28:00,Camp-B (Eastern Rural Mobile Clinic),Ready for Review,Critical,Retinal Care,Reviewer-09
CASE-0381,2026-07-29T03:58:00,Camp-B (Eastern Rural Mobile Clinic),Review Completed,High,Corneal Services,Reviewer-07
CASE-0382,2026-07-21T08:44:00,Camp-D (Riverdale Outreach Hub),Under Review,Low,Ophthalmology,Reviewer-06
CASE-0383,2026-07-16T08:24:00,Camp-D (Riverdale Outreach Hub),Review Completed,Critical,Ophthalmology,Reviewer-07
CASE-0384,2026-08-21T04:57:00,Camp-C (Hillside Community Outpost),Review Completed,Medium,Corneal Services,Reviewer-05
CASE-0385,2026-08-15T03:15:00,Camp-E (Highland Primary Screening),Review Completed,Low,Pediatric Eye Health,Reviewer-01
CASE-0386,2026-07-26T02:40:00,Camp-A (North Valley Health Center),Review Completed,High,Ophthalmology,Reviewer-10
CASE-0387,2026-08-19T08:38:00,Camp-E (Highland Primary Screening),Under Review,Critical,Glaucoma Screening,Reviewer-01
CASE-0388,2026-08-15T03:42:00,Camp-C (Hillside Community Outpost),Ready for Review,Low,Pediatric Eye Health,Reviewer-02
CASE-0389,2026-08-16T04:43:00,Camp-D (Riverdale Outreach Hub),Ready for Review,Medium,Retinal Care,Reviewer-11
CASE-0390,2026-07-25T05:37:00,Camp-A (North Valley Health Center),Review Completed,Critical,Ophthalmology,Reviewer-02
CASE-0391,2026-08-14T06:01:00,Camp-E (Highland Primary Screening),Review Completed,Low,Ophthalmology,Reviewer-10
CASE-0392,2026-07-21T00:26:00,Camp-D (Riverdale Outreach Hub),Review Completed,High,Corneal Services,Reviewer-04
CASE-0393,2026-08-06T05:23:00,Camp-B (Eastern Rural Mobile Clinic),Under Review,Medium,Pediatric Eye Health,Reviewer-07
CASE-0394,2026-08-24T00:04:00,Camp-E (Highland Primary Screening),Pending Evidence,Critical,Glaucoma Screening,Reviewer-06
CASE-0395,2026-07-15T01:15:00,Camp-B (Eastern Rural Mobile Clinic),Under Review,Low,Retinal Care,Reviewer-03
CASE-0396,2026-07-16T05:32:00,Camp-E (Highland Primary Screening),Review Completed,High,Corneal Services,Reviewer-02
CASE-0397,2026-08-31T03:46:00,Camp-C (Hillside Community Outpost),Under Review,Critical,Pediatric Eye Health,Reviewer-08
CASE-0398,2026-07-18T00:39:00,Camp-B (Eastern Rural Mobile Clinic),Review Completed,Low,Pediatric Eye Health,Reviewer-11
CASE-0399,2026-08-15T23:35:00,Camp-E (Highland Primary Screening),Under Review,High,Retinal Care,Reviewer-08
CASE-0400,2026-07-21T07:37:00,Camp-D (Riverdale Outreach Hub),Under Review,Critical,Retinal Care,Reviewer-08
CASE-0401,2026-08-17T23:03:00,Camp-B (Eastern Rural Mobile Clinic),Pending Evidence,Medium,Pediatric Eye Health,Reviewer-11
CASE-0402,2026-07-29T02:04:00,Camp-B (Eastern Rural Mobile Clinic),Review Completed,Medium,Corneal Services,Reviewer-06
CASE-0403,2026-08-24T04:04:00,Camp-A (North Valley Health Center),Under Review,Low,Ophthalmology,Reviewer-09
CASE-0404,2026-08-05T07:45:00,Camp-D (Riverdale Outreach Hub),Ready for Review,High,Pediatric Eye Health,Reviewer-08
CASE-0405,2026-07-23T07:53:00,Camp-E (Highland Primary Screening),Review Completed,Medium,Retinal Care,Reviewer-08
CASE-0406,2026-07-22T05:39:00,Camp-D (Riverdale Outreach Hub),Review Completed,Low,Glaucoma Screening,Reviewer-02
CASE-0407,2026-07-30T03:20:00,Camp-C (Hillside Community Outpost),Ready for Review,Medium,Pediatric Eye Health,Reviewer-03
CASE-0408,2026-07-29T01:38:00,Camp-A (North Valley Health Center),Review Completed,Critical,Ophthalmology,Reviewer-10
CASE-0409,2026-08-15T06:43:00,Camp-E (Highland Primary Screening),Under Review,Medium,Ophthalmology,Reviewer-09
CASE-0410,2026-07-15T07:44:00,Camp-E (Highland Primary Screening),Review Completed,Critical,Glaucoma Screening,Reviewer-07
CASE-0411,2026-08-10T02:46:00,Camp-E (Highland Primary Screening),Ready for Review,Medium,Pediatric Eye Health,Reviewer-07
CASE-0412,2026-08-15T08:23:00,Camp-A (North Valley Health Center),Ready for Review,Critical,Glaucoma Screening,Reviewer-08
CASE-0413,2026-07-16T08:38:00,Camp-C (Hillside Community Outpost),Pending Evidence,High,Retinal Care,Reviewer-09
CASE-0414,2026-08-13T04:24:00,Camp-C (Hillside Community Outpost),Under Review,High,Ophthalmology,Reviewer-08
CASE-0415,2026-07-18T04:48:00,Camp-C (Hillside Community Outpost),Review Completed,High,Retinal Care,Reviewer-07
CASE-0416,2026-07-27T05:15:00,Camp-D (Riverdale Outreach Hub),Ready for Review,High,Corneal Services,Reviewer-04
CASE-0417,2026-08-06T01:38:00,Camp-C (Hillside Community Outpost),Ready for Review,Medium,Ophthalmology,Reviewer-06
CASE-0418,2026-08-06T02:10:00,Camp-C (Hillside Community Outpost),Pending Evidence,Critical,Pediatric Eye Health,Reviewer-10
CASE-0419,2026-09-01T06:47:00,Camp-B (Eastern Rural Mobile Clinic),Ready for Review,High,Corneal Services,Reviewer-02
CASE-0420,2026-08-12T06:34:00,Camp-C (Hillside Community Outpost),Review Completed,Critical,Corneal Services,Reviewer-10
CASE-0421,2026-08-20T08:46:00,Camp-C (Hillside Community Outpost),Review Completed,Low,Glaucoma Screening,Reviewer-06
CASE-0422,2026-09-01T06:39:00,Camp-B (Eastern Rural Mobile Clinic),Pending Evidence,Critical,Pediatric Eye Health,Reviewer-11
CASE-0423,2026-07-20T07:50:00,Camp-A (North Valley Health Center),Under Review,High,Corneal Services,Reviewer-04
CASE-0424,2026-08-10T08:25:00,Camp-D (Riverdale Outreach Hub),Review Completed,Medium,Retinal Care,Reviewer-02
CASE-0425,2026-07-23T04:32:00,Camp-D (Riverdale Outreach Hub),Under Review,Medium,Ophthalmology,Reviewer-05
CASE-0426,2026-08-15T08:33:00,Camp-B (Eastern Rural Mobile Clinic),Review Completed,Critical,Ophthalmology,Reviewer-11
CASE-0427,2026-09-01T03:38:00,Camp-C (Hillside Community Outpost),Pending Evidence,Critical,Corneal Services,Reviewer-03
CASE-0428,2026-08-31T06:20:00,Camp-E (Highland Primary Screening),Pending Evidence,High,Retinal Care,Reviewer-10
CASE-0429,2026-08-10T05:33:00,Camp-E (Highland Primary Screening),Under Review,High,Corneal Services,Reviewer-06
CASE-0430,2026-08-06T05:19:00,Camp-A (North Valley Health Center),Under Review,Medium,Pediatric Eye Health,Reviewer-03
CASE-0431,2026-08-14T07:02:00,Camp-A (North Valley Health Center),Ready for Review,Critical,Retinal Care,Reviewer-08
CASE-0432,2026-07-18T00:52:00,Camp-E (Highland Primary Screening),Under Review,Low,Pediatric Eye Health,Reviewer-08
CASE-0433,2026-07-19T07:30:00,Camp-D (Riverdale Outreach Hub),Review Completed,High,Retinal Care,Reviewer-06
CASE-0434,2026-08-22T23:41:00,Camp-D (Riverdale Outreach Hub),Under Review,Medium,Corneal Services,Reviewer-01
CASE-0435,2026-08-28T03:45:00,Camp-C (Hillside Community Outpost),Ready for Review,Medium,Retinal Care,Reviewer-03
CASE-0436,2026-07-27T00:44:00,Camp-B (Eastern Rural Mobile Clinic),Review Completed,Medium,Corneal Services,Reviewer-11
CASE-0437,2026-08-04T07:29:00,Camp-B (Eastern Rural Mobile Clinic),Under Review,Medium,Ophthalmology,Reviewer-10
CASE-0438,2026-08-25T06:28:00,Camp-A (North Valley Health Center),Review Completed,Critical,Corneal Services,Reviewer-08
CASE-0439,2026-08-12T06:47:00,Camp-D (Riverdale Outreach Hub),Review Completed,Medium,Retinal Care,Reviewer-10
CASE-0440,2026-08-24T01:10:00,Camp-C (Hillside Community Outpost),Review Completed,Medium,Ophthalmology,Reviewer-04
CASE-0441,2026-07-24T23:35:00,Camp-A (North Valley Health Center),Ready for Review,Low,Ophthalmology,Reviewer-11
CASE-0442,2026-08-14T08:51:00,Camp-A (North Valley Health Center),Review Completed,High,Corneal Services,Reviewer-08
CASE-0443,2026-08-01T04:23:00,Camp-C (Hillside Community Outpost),Pending Evidence,Low,Ophthalmology,Reviewer-10
CASE-0444,2026-08-28T06:18:00,Camp-E (Highland Primary Screening),Under Review,Critical,Corneal Services,Reviewer-09
CASE-0445,2026-08-23T05:40:00,Camp-B (Eastern Rural Mobile Clinic),Under Review,Low,Ophthalmology,Reviewer-09
CASE-0446,2026-07-16T05:35:00,Camp-A (North Valley Health Center),Ready for Review,Critical,Glaucoma Screening,Reviewer-07
CASE-0447,2026-09-01T02:08:00,Camp-D (Riverdale Outreach Hub),Review Completed,Low,Glaucoma Screening,Reviewer-06
CASE-0448,2026-09-01T06:26:00,Camp-B (Eastern Rural Mobile Clinic),Pending Evidence,Critical,Retinal Care,Reviewer-01
CASE-0449,2026-07-23T03:01:00,Camp-C (Hillside Community Outpost),Review Completed,High,Pediatric Eye Health,Reviewer-01
CASE-0450,2026-07-23T08:40:00,Camp-D (Riverdale Outreach Hub),Ready for Review,High,Glaucoma Screening,Reviewer-03
CASE-0451,2026-07-17T04:38:00,Camp-D (Riverdale Outreach Hub),Review Completed,High,Pediatric Eye Health,Reviewer-03
CASE-0452,2026-07-22T23:34:00,Camp-D (Riverdale Outreach Hub),Review Completed,Critical,Retinal Care,Reviewer-10
CASE-0453,2026-08-26T05:30:00,Camp-A (North Valley Health Center),Review Completed,High,Ophthalmology,Reviewer-03
CASE-0454,2026-07-22T23:45:00,Camp-B (Eastern Rural Mobile Clinic),Ready for Review,Critical,Pediatric Eye Health,Reviewer-04
CASE-0455,2026-08-24T06:29:00,Camp-B (Eastern Rural Mobile Clinic),Review Completed,Critical,Retinal Care,Reviewer-03
CASE-0456,2026-07-25T01:45:00,Camp-D (Riverdale Outreach Hub),Under Review,Low,Corneal Services,Reviewer-09
CASE-0457,2026-08-26T04:06:00,Camp-C (Hillside Community Outpost),Review Completed,High,Corneal Services,Reviewer-07
CASE-0458,2026-07-15T05:36:00,Camp-E (Highland Primary Screening),Review Completed,Critical,Pediatric Eye Health,Reviewer-07
CASE-0459,2026-08-17T04:31:00,Camp-A (North Valley Health Center),Ready for Review,Critical,Corneal Services,Reviewer-11
CASE-0460,2026-07-23T06:11:00,Camp-D (Riverdale Outreach Hub),Ready for Review,High,Retinal Care,Reviewer-08
CASE-0461,2026-08-26T23:01:00,Camp-D (Riverdale Outreach Hub),Review Completed,Medium,Corneal Services,Reviewer-06
CASE-0462,2026-08-17T08:05:00,Camp-E (Highland Primary Screening),Under Review,Critical,Glaucoma Screening,Reviewer-07
CASE-0463,2026-07-19T05:09:00,Camp-E (Highland Primary Screening),Under Review,Medium,Pediatric Eye Health,Reviewer-02
CASE-0464,2026-07-28T08:02:00,Camp-C (Hillside Community Outpost),Review Completed,Medium,Glaucoma Screening,Reviewer-02
CASE-0465,2026-07-24T08:14:00,Camp-C (Hillside Community Outpost),Under Review,Low,Pediatric Eye Health,Reviewer-02
CASE-0466,2026-08-01T07:48:00,Camp-C (Hillside Community Outpost),Ready for Review,Medium,Glaucoma Screening,Reviewer-04
CASE-0467,2026-07-27T03:05:00,Camp-A (North Valley Health Center),Review Completed,Medium,Retinal Care,Reviewer-11
CASE-0468,2026-08-01T05:21:00,Camp-B (Eastern Rural Mobile Clinic),Under Review,High,Pediatric Eye Health,Reviewer-08
CASE-0469,2026-07-22T05:41:00,Camp-C (Hillside Community Outpost),Ready for Review,Critical,Retinal Care,Reviewer-04
CASE-0470,2026-07-16T08:25:00,Camp-A (North Valley Health Center),Ready for Review,High,Ophthalmology,Reviewer-07
CASE-0471,2026-08-14T08:02:00,Camp-B (Eastern Rural Mobile Clinic),Review Completed,Medium,Corneal Services,Reviewer-07
CASE-0472,2026-08-04T06:17:00,Camp-B (Eastern Rural Mobile Clinic),Ready for Review,Low,Ophthalmology,Reviewer-02
CASE-0473,2026-07-30T08:29:00,Camp-D (Riverdale Outreach Hub),Review Completed,Low,Ophthalmology,Reviewer-04
CASE-0474,2026-08-16T06:37:00,Camp-D (Riverdale Outreach Hub),Ready for Review,Low,Retinal Care,Reviewer-07
CASE-0475,2026-07-29T08:20:00,Camp-B (Eastern Rural Mobile Clinic),Review Completed,High,Corneal Services,Reviewer-01
CASE-0476,2026-07-22T02:41:00,Camp-E (Highland Primary Screening),Under Review,Critical,Glaucoma Screening,Reviewer-04
CASE-0477,2026-07-29T05:34:00,Camp-B (Eastern Rural Mobile Clinic),Review Completed,Medium,Corneal Services,Reviewer-07
CASE-0478,2026-08-19T02:50:00,Camp-D (Riverdale Outreach Hub),Under Review,Critical,Ophthalmology,Reviewer-05
CASE-0479,2026-07-16T06:11:00,Camp-D (Riverdale Outreach Hub),Review Completed,Low,Corneal Services,Reviewer-11
CASE-0480,2026-08-11T06:41:00,Camp-C (Hillside Community Outpost),Review Completed,Medium,Ophthalmology,Reviewer-03
CASE-0481,2026-08-03T23:23:00,Camp-B (Eastern Rural Mobile Clinic),Under Review,Low,Glaucoma Screening,Reviewer-08
CASE-0482,2026-08-09T04:47:00,Camp-E (Highland Primary Screening),Review Completed,Low,Corneal Services,Reviewer-08
CASE-0483,2026-08-30T04:15:00,Camp-D (Riverdale Outreach Hub),Under Review,High,Corneal Services,Reviewer-09
CASE-0484,2026-08-22T23:08:00,Camp-B (Eastern Rural Mobile Clinic),Under Review,Low,Ophthalmology,Reviewer-01
CASE-0485,2026-07-18T07:35:00,Camp-C (Hillside Community Outpost),Under Review,Medium,Pediatric Eye Health,Reviewer-08
CASE-0486,2026-07-26T04:21:00,Camp-D (Riverdale Outreach Hub),Pending Evidence,High,Pediatric Eye Health,Reviewer-04
CASE-0487,2026-07-20T07:23:00,Camp-C (Hillside Community Outpost),Under Review,Critical,Corneal Services,Reviewer-06
CASE-0488,2026-09-01T02:09:00,Camp-B (Eastern Rural Mobile Clinic),Review Completed,Medium,Retinal Care,Reviewer-04
CASE-0489,2026-07-21T08:37:00,Camp-A (North Valley Health Center),Review Completed,High,Ophthalmology,Reviewer-08
CASE-0490,2026-08-04T03:33:00,Camp-B (Eastern Rural Mobile Clinic),Under Review,High,Retinal Care,Reviewer-04
CASE-0491,2026-08-01T01:21:00,Camp-C (Hillside Community Outpost),Under Review,Critical,Ophthalmology,Reviewer-07
CASE-0492,2026-08-29T05:26:00,Camp-E (Highland Primary Screening),Pending Evidence,Medium,Corneal Services,Reviewer-07
CASE-0493,2026-08-03T04:49:00,Camp-E (Highland Primary Screening),Pending Evidence,High,Retinal Care,Reviewer-01
CASE-0494,2026-07-14T23:57:00,Camp-E (Highland Primary Screening),Review Completed,Medium,Ophthalmology,Reviewer-08
CASE-0495,2026-07-28T07:07:00,Camp-B (Eastern Rural Mobile Clinic),Under Review,Medium,Glaucoma Screening,Reviewer-02
CASE-0496,2026-07-21T02:24:00,Camp-A (North Valley Health Center),Review Completed,Medium,Ophthalmology,Reviewer-10
CASE-0497,2026-08-08T06:06:00,Camp-B (Eastern Rural Mobile Clinic),Ready for Review,High,Pediatric Eye Health,Reviewer-06
CASE-0498,2026-07-26T04:36:00,Camp-D (Riverdale Outreach Hub),Under Review,Medium,Ophthalmology,Reviewer-10
CASE-0499,2026-09-01T08:20:00,Camp-A (North Valley Health Center),Review Completed,High,Ophthalmology,Reviewer-01
CASE-0500,2026-09-01T07:54:00,Camp-B (Eastern Rural Mobile Clinic),Pending Evidence,High,Glaucoma Screening,Reviewer-05
