imaging_id,case_id,captured_at,modality,quality_score,quality_status,device_id,operator_id,location,review_status,findings_summary
IMG-0001,CASE-0001,2026-09-01T09:37:00,Fundus,88.6,GOOD,DEV-FUNDUS-01,TECH-04,Pod 2,NORMAL,Normal retinal vascular architecture.
IMG-0002,CASE-0002,2026-08-31T03:48:00,Retinal Image,77.2,ACCEPTABLE,DEV-SLIT-03,TECH-13,Pod 1,ABNORMAL,Focal microaneurysms and cotton wool spots observed in superior arcade.
IMG-0003,CASE-0003,2026-08-31T06:33:00,Fundus,33.7,LOW_QUALITY,DEV-RETINA-04,TECH-11,Pod 3,INCONCLUSIVE,Poor contrast due to dense cataract / media opacity; foveal reflex unidentifiable.
IMG-0004,CASE-0004,2026-07-20T04:49:00,Slit Lamp,84.2,ACCEPTABLE,DEV-SLIT-03,TECH-04,Pod 4,NORMAL,Normal retinal vascular architecture.
IMG-0005,CASE-0005,2026-08-31T04:26:00,Fundus,92.0,GOOD,DEV-RETINA-04,TECH-07,Pod 4,NORMAL,"Fundus examination shows sharp optic disc margins, clear macula, and normal vascular caliber."
IMG-0006,CASE-0006,2026-08-31T11:18:00,OCT,86.7,GOOD,DEV-SLIT-03,TECH-14,Pod 2,NORMAL,Normal retinal vascular architecture.
IMG-0007,CASE-0007,2026-08-09T06:57:00,Retinal Image,96.8,GOOD,DEV-RETINA-04,TECH-04,Pod 2,NORMAL,Normal retinal vascular architecture.
IMG-0007-DUP,CASE-0007,2026-08-09T07:12:00,Retinal Image,98.9,GOOD,DEV-RETINA-04,TECH-11,Pod 3,NORMAL,Repeat acquisition for Retinal Image confirmation.
IMG-0008,CASE-0008,2026-08-30T08:15:00,Retinal Image,93.6,GOOD,DEV-FUNDUS-01,TECH-11,Pod 4,NORMAL,Normal retinal vascular architecture.
IMG-0009,CASE-0009,2026-08-24T03:56:00,Fundus,97.3,GOOD,DEV-OCT-02,TECH-03,Pod 4,ABNORMAL,Focal microaneurysms and cotton wool spots observed in superior arcade.
IMG-0010,CASE-0010,2026-08-14T03:40:00,Fundus,76.2,ACCEPTABLE,DEV-OCT-02,TECH-01,Pod 1,NORMAL,Normal retinal vascular architecture.
IMG-0011,CASE-0011,2026-07-21T04:49:00,Retinal Image,89.3,GOOD,DEV-FUNDUS-01,TECH-02,Pod 2,NORMAL,Normal retinal vascular architecture.
IMG-0012,CASE-0012,2026-08-26T10:01:00,Slit Lamp,86.6,GOOD,DEV-FUNDUS-01,TECH-02,Pod 4,NORMAL,Normal retinal vascular architecture.
IMG-0013,CASE-0013,2026-08-25T09:10:00,Slit Lamp,83.4,ACCEPTABLE,DEV-FUNDUS-01,TECH-06,Pod 2,ABNORMAL,Focal microaneurysms and cotton wool spots observed in superior arcade.
IMG-0014,CASE-0014,2026-08-11T06:27:00,OCT,92.0,GOOD,DEV-RETINA-04,TECH-06,Pod 3,NORMAL,"Fundus examination shows sharp optic disc margins, clear macula, and normal vascular caliber."
IMG-0015,CASE-0015,2026-07-22T03:41:00,Fundus,88.7,GOOD,DEV-SLIT-03,TECH-07,Pod 1,NORMAL,Normal retinal vascular architecture.
IMG-0016,CASE-0016,2026-08-13T04:56:00,Slit Lamp,84.3,ACCEPTABLE,DEV-SLIT-03,TECH-05,Pod 2,ABNORMAL,Focal microaneurysms and cotton wool spots observed in superior arcade.
IMG-0017,CASE-0017,2026-07-23T00:58:00,Retinal Image,89.1,GOOD,DEV-RETINA-04,TECH-07,Pod 2,ABNORMAL,Focal microaneurysms and cotton wool spots observed in superior arcade.
IMG-0018,CASE-0018,2026-08-25T06:31:00,Retinal Image,95.6,GOOD,DEV-RETINA-04,TECH-08,Pod 3,ABNORMAL,Focal microaneurysms and cotton wool spots observed in superior arcade.
IMG-0019,CASE-0019,2026-08-18T06:23:00,OCT,92.0,GOOD,DEV-RETINA-04,TECH-07,Pod 1,NORMAL,"Fundus examination shows sharp optic disc margins, clear macula, and normal vascular caliber."
IMG-0020,CASE-0020,2026-07-25T09:43:00,Retinal Image,96.1,GOOD,DEV-FUNDUS-01,TECH-07,Pod 1,ABNORMAL,Focal microaneurysms and cotton wool spots observed in superior arcade.
IMG-0021,CASE-0021,2026-08-19T03:18:00,Fundus,98.0,GOOD,DEV-FUNDUS-01,TECH-13,Pod 1,NORMAL,Normal retinal vascular architecture.
IMG-0022,CASE-0022,2026-08-09T10:02:00,Retinal Image,84.1,ACCEPTABLE,DEV-FUNDUS-01,TECH-10,Pod 2,ABNORMAL,Focal microaneurysms and cotton wool spots observed in superior arcade.
IMG-0023,CASE-0023,2026-08-28T04:32:00,Retinal Image,79.1,ACCEPTABLE,DEV-SLIT-03,TECH-10,Pod 4,NORMAL,Normal retinal vascular architecture.
IMG-0024,CASE-0024,2026-07-15T05:41:00,Slit Lamp,93.4,GOOD,DEV-SLIT-03,TECH-09,Pod 1,NORMAL,Normal retinal vascular architecture.
IMG-0025,CASE-0025,2026-08-07T09:07:00,Retinal Image,81.2,ACCEPTABLE,DEV-FUNDUS-01,TECH-12,Pod 2,NORMAL,Normal retinal vascular architecture.
IMG-0026,CASE-0026,2026-09-01T05:02:00,Fundus,88.2,GOOD,DEV-RETINA-04,TECH-06,Pod 2,NORMAL,Normal retinal vascular architecture.
IMG-0027,CASE-0027,2026-08-25T03:53:00,Retinal Image,92.0,GOOD,DEV-SLIT-03,TECH-10,Pod 1,NORMAL,"Fundus examination shows sharp optic disc margins, clear macula, and normal vascular caliber."
IMG-0028,CASE-0028,2026-08-22T12:07:00,Fundus,90.8,GOOD,DEV-OCT-02,TECH-07,Pod 1,ABNORMAL,Focal microaneurysms and cotton wool spots observed in superior arcade.
IMG-0029,CASE-0029,2026-07-16T02:38:00,Retinal Image,85.1,GOOD,DEV-RETINA-04,TECH-12,Pod 3,NORMAL,Normal retinal vascular architecture.
IMG-0030,CASE-0030,2026-08-21T00:47:00,Slit Lamp,92.0,GOOD,DEV-RETINA-04,TECH-12,Pod 4,NORMAL,"Fundus examination shows sharp optic disc margins, clear macula, and normal vascular caliber."
IMG-0031,CASE-0031,2026-09-01T04:38:00,OCT,92.0,GOOD,DEV-SLIT-03,TECH-09,Pod 2,NORMAL,"Fundus examination shows sharp optic disc margins, clear macula, and normal vascular caliber."
IMG-0032,CASE-0032,2026-07-28T06:31:00,Slit Lamp,84.6,ACCEPTABLE,DEV-RETINA-04,TECH-04,Pod 4,NORMAL,Normal retinal vascular architecture.
IMG-0033,CASE-0033,2026-07-26T05:38:00,Slit Lamp,95.0,GOOD,DEV-OCT-02,TECH-10,Pod 4,ABNORMAL,Focal microaneurysms and cotton wool spots observed in superior arcade.
IMG-0034,CASE-0034,2026-07-31T02:09:00,OCT,76.7,ACCEPTABLE,DEV-SLIT-03,TECH-06,Pod 4,ABNORMAL,Focal microaneurysms and cotton wool spots observed in superior arcade.
IMG-0035,CASE-0035,2026-07-15T10:59:00,Retinal Image,78.3,ACCEPTABLE,DEV-OCT-02,TECH-03,Pod 2,NORMAL,Normal retinal vascular architecture.
IMG-0035-DUP,CASE-0035,2026-07-15T11:14:00,Retinal Image,82.0,ACCEPTABLE,DEV-OCT-02,TECH-08,Pod 2,NORMAL,Repeat acquisition for Retinal Image confirmation.
IMG-0036,CASE-0036,2026-08-10T03:51:00,OCT,33.8,LOW_QUALITY,DEV-SLIT-03,TECH-10,Pod 3,INCONCLUSIVE,Poor contrast due to dense cataract / media opacity; foveal reflex unidentifiable.
IMG-0037,CASE-0037,2026-08-10T08:04:00,Fundus,95.8,GOOD,DEV-SLIT-03,TECH-13,Pod 4,NORMAL,Normal retinal vascular architecture.
IMG-0037-DUP,CASE-0037,2026-08-10T08:19:00,Fundus,94.4,GOOD,DEV-OCT-02,TECH-02,Pod 3,NORMAL,Repeat acquisition for Fundus confirmation.
IMG-0038,CASE-0038,2026-08-28T07:45:00,Slit Lamp,90.5,GOOD,DEV-RETINA-04,TECH-14,Pod 3,ABNORMAL,Focal microaneurysms and cotton wool spots observed in superior arcade.
IMG-0039,CASE-0039,2026-08-30T13:08:00,Retinal Image,88.5,GOOD,DEV-RETINA-04,TECH-11,Pod 1,ABNORMAL,Focal microaneurysms and cotton wool spots observed in superior arcade.
IMG-0040,CASE-0040,2026-07-22T05:14:00,Fundus,76.2,ACCEPTABLE,DEV-OCT-02,TECH-13,Pod 2,NORMAL,Normal retinal vascular architecture.
IMG-0040-DUP,CASE-0040,2026-07-22T05:29:00,Fundus,78.9,ACCEPTABLE,DEV-OCT-02,TECH-10,Pod 2,NORMAL,Repeat acquisition for Fundus confirmation.
IMG-0041,CASE-0041,2026-08-17T00:48:00,Retinal Image,85.3,GOOD,DEV-FUNDUS-01,TECH-08,Pod 2,NORMAL,Normal retinal vascular architecture.
IMG-0042,CASE-0042,2026-08-02T04:41:00,OCT,81.3,ACCEPTABLE,DEV-SLIT-03,TECH-07,Pod 3,NORMAL,Normal retinal vascular architecture.
IMG-0043,CASE-0043,2026-07-17T11:48:00,Fundus,94.1,GOOD,DEV-FUNDUS-01,TECH-12,Pod 3,NORMAL,Normal retinal vascular architecture.
IMG-0044,CASE-0044,2026-08-10T11:03:00,Slit Lamp,77.6,ACCEPTABLE,DEV-OCT-02,TECH-13,Pod 4,NORMAL,Normal retinal vascular architecture.
IMG-0045,CASE-0045,2026-08-23T01:46:00,Retinal Image,85.4,GOOD,DEV-SLIT-03,TECH-12,Pod 3,NORMAL,Normal retinal vascular architecture.
IMG-0046,CASE-0046,2026-08-19T03:59:00,OCT,84.1,ACCEPTABLE,DEV-FUNDUS-01,TECH-04,Pod 3,NORMAL,Normal retinal vascular architecture.
IMG-0047,CASE-0047,2026-07-16T12:55:00,Fundus,84.3,ACCEPTABLE,DEV-OCT-02,TECH-13,Pod 4,ABNORMAL,Focal microaneurysms and cotton wool spots observed in superior arcade.
IMG-0048,CASE-0048,2026-08-22T09:47:00,Fundus,92.0,GOOD,DEV-OCT-02,TECH-05,Pod 2,NORMAL,"Fundus examination shows sharp optic disc margins, clear macula, and normal vascular caliber."
IMG-0049,CASE-0049,2026-07-22T03:21:00,Fundus,83.1,ACCEPTABLE,DEV-RETINA-04,TECH-08,Pod 1,NORMAL,Normal retinal vascular architecture.
IMG-0049-DUP,CASE-0049,2026-07-22T03:36:00,Fundus,86.4,ACCEPTABLE,DEV-FUNDUS-01,TECH-11,Pod 1,NORMAL,Repeat acquisition for Fundus confirmation.
IMG-0050,CASE-0050,2026-08-02T02:57:00,OCT,91.3,GOOD,DEV-OCT-02,TECH-06,Pod 3,ABNORMAL,Focal microaneurysms and cotton wool spots observed in superior arcade.
IMG-0051,CASE-0051,2026-07-26T09:41:00,Retinal Image,89.8,GOOD,DEV-OCT-02,TECH-11,Pod 1,NORMAL,Normal retinal vascular architecture.
IMG-0052,CASE-0052,2026-08-14T10:10:00,Retinal Image,78.5,ACCEPTABLE,DEV-OCT-02,TECH-12,Pod 4,NORMAL,Normal retinal vascular architecture.
IMG-0052-DUP,CASE-0052,2026-08-14T10:25:00,Retinal Image,77.1,ACCEPTABLE,DEV-OCT-02,TECH-08,Pod 3,NORMAL,Repeat acquisition for Retinal Image confirmation.
IMG-0053,CASE-0053,2026-08-08T04:54:00,Fundus,91.4,GOOD,DEV-FUNDUS-01,TECH-05,Pod 1,NORMAL,Normal retinal vascular architecture.
IMG-0054,CASE-0054,2026-08-31T05:02:00,Slit Lamp,92.0,GOOD,DEV-FUNDUS-01,TECH-14,Pod 3,NORMAL,"Fundus examination shows sharp optic disc margins, clear macula, and normal vascular caliber."
IMG-0055,CASE-0055,2026-09-01T12:10:00,Slit Lamp,80.5,ACCEPTABLE,DEV-OCT-02,TECH-07,Pod 4,NORMAL,Normal retinal vascular architecture.
IMG-0055-DUP,CASE-0055,2026-09-01T12:25:00,Slit Lamp,83.9,ACCEPTABLE,DEV-RETINA-04,TECH-10,Pod 1,NORMAL,Repeat acquisition for Slit Lamp confirmation.
IMG-0056,CASE-0056,2026-07-30T04:55:00,Slit Lamp,92.2,GOOD,DEV-FUNDUS-01,TECH-06,Pod 2,NORMAL,Normal retinal vascular architecture.
IMG-0057,CASE-0057,2026-08-28T05:34:00,Retinal Image,97.7,GOOD,DEV-SLIT-03,TECH-01,Pod 2,NORMAL,Normal retinal vascular architecture.
IMG-0058,CASE-0058,2026-08-09T04:07:00,Fundus,76.8,ACCEPTABLE,DEV-SLIT-03,TECH-08,Pod 4,ABNORMAL,Focal microaneurysms and cotton wool spots observed in superior arcade.
IMG-0059,CASE-0059,2026-07-16T10:26:00,Retinal Image,96.8,GOOD,DEV-OCT-02,TECH-11,Pod 4,NORMAL,Normal retinal vascular architecture.
IMG-0060,CASE-0060,2026-07-22T06:05:00,Slit Lamp,91.2,GOOD,DEV-SLIT-03,TECH-12,Pod 4,NORMAL,Normal retinal vascular architecture.
IMG-0061,CASE-0061,2026-08-22T08:45:00,Fundus,83.3,ACCEPTABLE,DEV-RETINA-04,TECH-13,Pod 2,NORMAL,Normal retinal vascular architecture.
IMG-0062,CASE-0062,2026-07-20T01:49:00,OCT,82.0,ACCEPTABLE,DEV-OCT-02,TECH-06,Pod 3,NORMAL,Normal retinal vascular architecture.
IMG-0063,CASE-0063,2026-07-26T00:57:00,Slit Lamp,90.0,GOOD,DEV-RETINA-04,TECH-10,Pod 1,ABNORMAL,Focal microaneurysms and cotton wool spots observed in superior arcade.
IMG-0064,CASE-0064,2026-08-28T12:14:00,Slit Lamp,47.4,LOW_QUALITY,DEV-OCT-02,TECH-13,Pod 3,INCONCLUSIVE,Poor contrast due to dense cataract / media opacity; foveal reflex unidentifiable.
IMG-0065,CASE-0065,2026-08-06T09:40:00,Slit Lamp,86.4,GOOD,DEV-RETINA-04,TECH-09,Pod 4,NORMAL,Normal retinal vascular architecture.
IMG-0066,CASE-0066,2026-07-15T05:45:00,Retinal Image,86.6,GOOD,DEV-SLIT-03,TECH-14,Pod 1,ABNORMAL,Focal microaneurysms and cotton wool spots observed in superior arcade.
IMG-0067,CASE-0067,2026-07-18T06:52:00,Slit Lamp,78.7,ACCEPTABLE,DEV-SLIT-03,TECH-10,Pod 3,ABNORMAL,Focal microaneurysms and cotton wool spots observed in superior arcade.
IMG-0068,CASE-0068,2026-07-17T12:35:00,OCT,75.7,ACCEPTABLE,DEV-FUNDUS-01,TECH-04,Pod 1,ABNORMAL,Focal microaneurysms and cotton wool spots observed in superior arcade.
IMG-0069,CASE-0069,2026-08-21T04:45:00,Retinal Image,79.4,ACCEPTABLE,DEV-SLIT-03,TECH-04,Pod 3,NORMAL,Normal retinal vascular architecture.
IMG-0070,CASE-0070,2026-08-14T10:50:00,Fundus,39.2,LOW_QUALITY,DEV-OCT-02,TECH-04,Pod 1,INCONCLUSIVE,Poor contrast due to dense cataract / media opacity; foveal reflex unidentifiable.
IMG-0071,CASE-0071,2026-08-22T03:59:00,OCT,87.3,GOOD,DEV-FUNDUS-01,TECH-03,Pod 4,ABNORMAL,Focal microaneurysms and cotton wool spots observed in superior arcade.
IMG-0072,CASE-0072,2026-08-03T03:00:00,Slit Lamp,41.5,LOW_QUALITY,DEV-FUNDUS-01,TECH-12,Pod 3,INCONCLUSIVE,Poor contrast due to dense cataract / media opacity; foveal reflex unidentifiable.
IMG-0073,CASE-0073,2026-08-21T09:55:00,Slit Lamp,92.0,GOOD,DEV-FUNDUS-01,TECH-05,Pod 3,NORMAL,"Fundus examination shows sharp optic disc margins, clear macula, and normal vascular caliber."
IMG-0074,CASE-0074,2026-07-23T08:07:00,Retinal Image,92.4,GOOD,DEV-OCT-02,TECH-13,Pod 2,ABNORMAL,Focal microaneurysms and cotton wool spots observed in superior arcade.
IMG-0075,CASE-0075,2026-07-31T08:05:00,Retinal Image,77.1,ACCEPTABLE,DEV-FUNDUS-01,TECH-08,Pod 2,NORMAL,Normal retinal vascular architecture.
IMG-0076,CASE-0076,2026-08-10T09:56:00,Slit Lamp,97.8,GOOD,DEV-RETINA-04,TECH-07,Pod 1,NORMAL,Normal retinal vascular architecture.
IMG-0077,CASE-0077,2026-08-13T04:33:00,Fundus,25.7,LOW_QUALITY,DEV-RETINA-04,TECH-10,Pod 1,INCONCLUSIVE,Poor contrast due to dense cataract / media opacity; foveal reflex unidentifiable.
IMG-0078,CASE-0078,2026-07-29T08:52:00,Slit Lamp,80.4,ACCEPTABLE,DEV-OCT-02,TECH-07,Pod 3,ABNORMAL,Focal microaneurysms and cotton wool spots observed in superior arcade.
IMG-0079,CASE-0079,2026-08-13T06:56:00,Retinal Image,97.3,GOOD,DEV-OCT-02,TECH-07,Pod 2,NORMAL,Normal retinal vascular architecture.
IMG-0080,CASE-0080,2026-07-15T00:31:00,OCT,97.1,GOOD,DEV-RETINA-04,TECH-04,Pod 2,NORMAL,Normal retinal vascular architecture.
IMG-0081,CASE-0081,2026-08-12T06:57:00,Retinal Image,81.8,ACCEPTABLE,DEV-OCT-02,TECH-07,Pod 2,NORMAL,Normal retinal vascular architecture.
IMG-0082,CASE-0082,2026-08-28T09:29:00,Retinal Image,33.6,LOW_QUALITY,DEV-RETINA-04,TECH-11,Pod 4,INCONCLUSIVE,Poor contrast due to dense cataract / media opacity; foveal reflex unidentifiable.
IMG-0082-DUP,CASE-0082,2026-08-28T09:44:00,Retinal Image,33.9,LOW_QUALITY,DEV-RETINA-04,TECH-01,Pod 1,INCONCLUSIVE,Repeat acquisition for Retinal Image confirmation.
IMG-0083,CASE-0083,2026-07-24T03:02:00,Slit Lamp,92.0,GOOD,DEV-FUNDUS-01,TECH-11,Pod 1,NORMAL,"Fundus examination shows sharp optic disc margins, clear macula, and normal vascular caliber."
IMG-0084,CASE-0084,2026-07-22T07:45:00,Fundus,46.3,LOW_QUALITY,DEV-SLIT-03,TECH-09,Pod 1,INCONCLUSIVE,Poor contrast due to dense cataract / media opacity; foveal reflex unidentifiable.
IMG-0085,CASE-0085,2026-07-20T02:10:00,OCT,94.3,GOOD,DEV-RETINA-04,TECH-13,Pod 3,NORMAL,Normal retinal vascular architecture.
IMG-0085-DUP,CASE-0085,2026-07-20T02:25:00,OCT,92.0,GOOD,DEV-RETINA-04,TECH-08,Pod 2,NORMAL,Repeat acquisition for OCT confirmation.
IMG-0086,CASE-0086,2026-08-08T10:40:00,Slit Lamp,77.4,ACCEPTABLE,DEV-RETINA-04,TECH-08,Pod 4,NORMAL,Normal retinal vascular architecture.
IMG-0087,CASE-0087,2026-09-01T06:46:00,Slit Lamp,81.9,ACCEPTABLE,DEV-FUNDUS-01,TECH-03,Pod 4,NORMAL,Normal retinal vascular architecture.
IMG-0088,CASE-0088,2026-07-24T04:32:00,Slit Lamp,88.9,GOOD,DEV-RETINA-04,TECH-06,Pod 2,ABNORMAL,Focal microaneurysms and cotton wool spots observed in superior arcade.
IMG-0089,CASE-0089,2026-07-29T07:47:00,Retinal Image,78.2,ACCEPTABLE,DEV-SLIT-03,TECH-11,Pod 2,NORMAL,Normal retinal vascular architecture.
IMG-0090,CASE-0090,2026-08-09T02:02:00,Retinal Image,97.2,GOOD,DEV-RETINA-04,TECH-02,Pod 1,NORMAL,Normal retinal vascular architecture.
IMG-0091,CASE-0091,2026-08-31T05:17:00,Slit Lamp,85.5,GOOD,DEV-RETINA-04,TECH-06,Pod 4,NORMAL,Normal retinal vascular architecture.
IMG-0092,CASE-0092,2026-07-28T09:23:00,Retinal Image,84.1,ACCEPTABLE,DEV-OCT-02,TECH-08,Pod 4,ABNORMAL,Focal microaneurysms and cotton wool spots observed in superior arcade.
IMG-0093,CASE-0093,2026-07-23T08:05:00,OCT,93.7,GOOD,DEV-SLIT-03,TECH-10,Pod 1,ABNORMAL,Focal microaneurysms and cotton wool spots observed in superior arcade.
IMG-0094,CASE-0094,2026-07-31T05:13:00,OCT,36.3,LOW_QUALITY,DEV-OCT-02,TECH-03,Pod 3,INCONCLUSIVE,Poor contrast due to dense cataract / media opacity; foveal reflex unidentifiable.
IMG-0095,CASE-0095,2026-08-01T10:09:00,Retinal Image,88.0,GOOD,DEV-RETINA-04,TECH-09,Pod 1,ABNORMAL,Focal microaneurysms and cotton wool spots observed in superior arcade.
IMG-0096,CASE-0096,2026-08-26T07:00:00,OCT,93.6,GOOD,DEV-SLIT-03,TECH-14,Pod 4,NORMAL,Normal retinal vascular architecture.
IMG-0097,CASE-0097,2026-07-31T10:05:00,Slit Lamp,94.1,GOOD,DEV-RETINA-04,TECH-08,Pod 2,ABNORMAL,Focal microaneurysms and cotton wool spots observed in superior arcade.
IMG-0098,CASE-0098,2026-07-31T05:49:00,Slit Lamp,94.6,GOOD,DEV-RETINA-04,TECH-04,Pod 4,ABNORMAL,Focal microaneurysms and cotton wool spots observed in superior arcade.
IMG-0099,CASE-0099,2026-08-22T04:40:00,Slit Lamp,80.8,ACCEPTABLE,DEV-OCT-02,TECH-01,Pod 4,NORMAL,Normal retinal vascular architecture.
IMG-0100,CASE-0100,2026-08-05T09:57:00,Slit Lamp,78.2,ACCEPTABLE,DEV-OCT-02,TECH-11,Pod 2,ABNORMAL,Focal microaneurysms and cotton wool spots observed in superior arcade.
IMG-0100-DUP,CASE-0100,2026-08-05T10:12:00,Slit Lamp,78.8,ACCEPTABLE,DEV-OCT-02,TECH-08,Pod 3,ABNORMAL,Repeat acquisition for Slit Lamp confirmation.
IMG-0101,CASE-0101,2026-08-05T06:15:00,Slit Lamp,79.7,ACCEPTABLE,DEV-OCT-02,TECH-12,Pod 4,NORMAL,Normal retinal vascular architecture.
IMG-0102,CASE-0102,2026-08-12T07:41:00,Fundus,75.3,ACCEPTABLE,DEV-FUNDUS-01,TECH-13,Pod 4,NORMAL,Normal retinal vascular architecture.
IMG-0103,CASE-0103,2026-08-07T03:31:00,Retinal Image,89.1,GOOD,DEV-OCT-02,TECH-02,Pod 1,NORMAL,Normal retinal vascular architecture.
IMG-0104,CASE-0104,2026-08-09T07:33:00,Fundus,86.4,GOOD,DEV-FUNDUS-01,TECH-08,Pod 2,NORMAL,Normal retinal vascular architecture.
IMG-0105,CASE-0105,2026-08-30T03:17:00,Slit Lamp,92.0,GOOD,DEV-FUNDUS-01,TECH-09,Pod 1,NORMAL,"Fundus examination shows sharp optic disc margins, clear macula, and normal vascular caliber."
IMG-0106,CASE-0106,2026-07-28T04:33:00,Slit Lamp,88.6,GOOD,DEV-OCT-02,TECH-12,Pod 2,NORMAL,Normal retinal vascular architecture.
IMG-0107,CASE-0107,2026-08-17T06:56:00,Retinal Image,97.4,GOOD,DEV-FUNDUS-01,TECH-09,Pod 2,NORMAL,Normal retinal vascular architecture.
IMG-0108,CASE-0108,2026-08-16T05:21:00,Fundus,78.6,ACCEPTABLE,DEV-RETINA-04,TECH-06,Pod 4,NORMAL,Normal retinal vascular architecture.
IMG-0109,CASE-0109,2026-08-30T06:30:00,Slit Lamp,93.9,GOOD,DEV-RETINA-04,TECH-14,Pod 4,NORMAL,Normal retinal vascular architecture.
IMG-0110,CASE-0110,2026-07-23T11:35:00,Fundus,95.8,GOOD,DEV-SLIT-03,TECH-02,Pod 1,ABNORMAL,Focal microaneurysms and cotton wool spots observed in superior arcade.
IMG-0111,CASE-0111,2026-08-23T12:28:00,Fundus,81.4,ACCEPTABLE,DEV-OCT-02,TECH-11,Pod 2,NORMAL,Normal retinal vascular architecture.
IMG-0112,CASE-0112,2026-08-21T12:21:00,OCT,97.4,GOOD,DEV-OCT-02,TECH-05,Pod 1,NORMAL,Normal retinal vascular architecture.
IMG-0113,CASE-0113,2026-08-31T04:33:00,Fundus,80.4,ACCEPTABLE,DEV-RETINA-04,TECH-01,Pod 3,NORMAL,Normal retinal vascular architecture.
IMG-0114,CASE-0114,2026-08-11T07:19:00,Slit Lamp,80.1,ACCEPTABLE,DEV-OCT-02,TECH-07,Pod 3,NORMAL,Normal retinal vascular architecture.
IMG-0115,CASE-0115,2026-08-23T04:57:00,Slit Lamp,35.3,LOW_QUALITY,DEV-SLIT-03,TECH-04,Pod 2,INCONCLUSIVE,Poor contrast due to dense cataract / media opacity; foveal reflex unidentifiable.
IMG-0116,CASE-0116,2026-07-29T04:16:00,Fundus,82.3,ACCEPTABLE,DEV-FUNDUS-01,TECH-06,Pod 2,ABNORMAL,Focal microaneurysms and cotton wool spots observed in superior arcade.
IMG-0117,CASE-0117,2026-08-05T11:01:00,Slit Lamp,90.2,GOOD,DEV-FUNDUS-01,TECH-01,Pod 4,NORMAL,Normal retinal vascular architecture.
IMG-0118,CASE-0118,2026-08-19T10:40:00,Fundus,89.8,GOOD,DEV-SLIT-03,TECH-07,Pod 3,NORMAL,Normal retinal vascular architecture.
IMG-0119,CASE-0119,2026-07-29T06:52:00,OCT,86.0,GOOD,DEV-FUNDUS-01,TECH-09,Pod 2,NORMAL,Normal retinal vascular architecture.
IMG-0120,CASE-0120,2026-08-28T09:19:00,Retinal Image,77.6,ACCEPTABLE,DEV-FUNDUS-01,TECH-02,Pod 1,NORMAL,Normal retinal vascular architecture.
IMG-0121,CASE-0121,2026-08-11T09:18:00,Retinal Image,94.7,GOOD,DEV-OCT-02,TECH-03,Pod 3,ABNORMAL,Focal microaneurysms and cotton wool spots observed in superior arcade.
IMG-0122,CASE-0122,2026-07-15T02:42:00,Fundus,79.0,ACCEPTABLE,DEV-OCT-02,TECH-14,Pod 1,ABNORMAL,Focal microaneurysms and cotton wool spots observed in superior arcade.
IMG-0123,CASE-0123,2026-08-17T05:49:00,Fundus,81.6,ACCEPTABLE,DEV-OCT-02,TECH-14,Pod 2,NORMAL,Normal retinal vascular architecture.
IMG-0124,CASE-0124,2026-07-25T07:52:00,Retinal Image,88.4,GOOD,DEV-SLIT-03,TECH-09,Pod 3,NORMAL,Normal retinal vascular architecture.
IMG-0125,CASE-0125,2026-08-20T08:02:00,Slit Lamp,81.0,ACCEPTABLE,DEV-RETINA-04,TECH-12,Pod 1,NORMAL,Normal retinal vascular architecture.
IMG-0126,CASE-0126,2026-08-21T08:03:00,OCT,83.2,ACCEPTABLE,DEV-SLIT-03,TECH-07,Pod 3,ABNORMAL,Focal microaneurysms and cotton wool spots observed in superior arcade.
IMG-0127,CASE-0127,2026-08-23T08:23:00,Slit Lamp,89.5,GOOD,DEV-FUNDUS-01,TECH-01,Pod 4,NORMAL,Normal retinal vascular architecture.
IMG-0128,CASE-0128,2026-08-30T03:06:00,Slit Lamp,32.2,LOW_QUALITY,DEV-FUNDUS-01,TECH-07,Pod 3,INCONCLUSIVE,Poor contrast due to dense cataract / media opacity; foveal reflex unidentifiable.
IMG-0129,CASE-0129,2026-08-10T07:31:00,OCT,77.8,ACCEPTABLE,DEV-FUNDUS-01,TECH-07,Pod 3,ABNORMAL,Focal microaneurysms and cotton wool spots observed in superior arcade.
IMG-0130,CASE-0130,2026-08-23T07:46:00,Fundus,86.8,GOOD,DEV-SLIT-03,TECH-02,Pod 1,NORMAL,Normal retinal vascular architecture.
IMG-0131,CASE-0131,2026-08-22T09:36:00,Retinal Image,28.4,LOW_QUALITY,DEV-FUNDUS-01,TECH-13,Pod 1,INCONCLUSIVE,Poor contrast due to dense cataract / media opacity; foveal reflex unidentifiable.
IMG-0132,CASE-0132,2026-07-20T05:58:00,Slit Lamp,95.6,GOOD,DEV-SLIT-03,TECH-12,Pod 1,ABNORMAL,Focal microaneurysms and cotton wool spots observed in superior arcade.
IMG-0133,CASE-0133,2026-07-17T12:21:00,Retinal Image,92.9,GOOD,DEV-OCT-02,TECH-08,Pod 4,NORMAL,Normal retinal vascular architecture.
IMG-0134,CASE-0134,2026-07-17T06:44:00,Retinal Image,94.6,GOOD,DEV-FUNDUS-01,TECH-13,Pod 4,ABNORMAL,Focal microaneurysms and cotton wool spots observed in superior arcade.
IMG-0135,CASE-0135,2026-08-04T05:02:00,Slit Lamp,92.0,GOOD,DEV-OCT-02,TECH-11,Pod 4,NORMAL,"Fundus examination shows sharp optic disc margins, clear macula, and normal vascular caliber."
IMG-0136,CASE-0136,2026-08-25T10:51:00,Slit Lamp,91.1,GOOD,DEV-OCT-02,TECH-08,Pod 2,NORMAL,Normal retinal vascular architecture.
IMG-0137,CASE-0137,2026-08-30T04:34:00,Retinal Image,96.3,GOOD,DEV-OCT-02,TECH-12,Pod 2,ABNORMAL,Focal microaneurysms and cotton wool spots observed in superior arcade.
IMG-0138,CASE-0138,2026-07-25T09:22:00,Slit Lamp,91.4,GOOD,DEV-OCT-02,TECH-04,Pod 2,ABNORMAL,Focal microaneurysms and cotton wool spots observed in superior arcade.
IMG-0139,CASE-0139,2026-07-29T05:20:00,Slit Lamp,92.0,GOOD,DEV-OCT-02,TECH-05,Pod 3,NORMAL,"Fundus examination shows sharp optic disc margins, clear macula, and normal vascular caliber."
IMG-0140,CASE-0140,2026-07-20T03:12:00,Retinal Image,83.9,ACCEPTABLE,DEV-SLIT-03,TECH-09,Pod 1,ABNORMAL,Focal microaneurysms and cotton wool spots observed in superior arcade.
IMG-0140-DUP,CASE-0140,2026-07-20T03:27:00,Retinal Image,81.4,ACCEPTABLE,DEV-RETINA-04,TECH-14,Pod 2,ABNORMAL,Repeat acquisition for Retinal Image confirmation.
IMG-0141,CASE-0141,2026-08-05T08:38:00,Fundus,78.5,ACCEPTABLE,DEV-FUNDUS-01,TECH-13,Pod 3,NORMAL,Normal retinal vascular architecture.
IMG-0142,CASE-0142,2026-08-18T09:57:00,Fundus,27.6,LOW_QUALITY,DEV-SLIT-03,TECH-08,Pod 2,INCONCLUSIVE,Poor contrast due to dense cataract / media opacity; foveal reflex unidentifiable.
IMG-0143,CASE-0143,2026-08-09T03:45:00,Fundus,96.8,GOOD,DEV-FUNDUS-01,TECH-11,Pod 1,NORMAL,Normal retinal vascular architecture.
IMG-0144,CASE-0144,2026-08-31T02:55:00,OCT,96.0,GOOD,DEV-RETINA-04,TECH-11,Pod 4,NORMAL,Normal retinal vascular architecture.
IMG-0145,CASE-0145,2026-08-30T12:06:00,Retinal Image,93.9,GOOD,DEV-OCT-02,TECH-09,Pod 2,NORMAL,Normal retinal vascular architecture.
IMG-0146,CASE-0146,2026-09-01T02:39:00,Retinal Image,45.8,LOW_QUALITY,DEV-OCT-02,TECH-03,Pod 2,INCONCLUSIVE,Poor contrast due to dense cataract / media opacity; foveal reflex unidentifiable.
IMG-0147,CASE-0147,2026-08-16T09:10:00,Fundus,95.7,GOOD,DEV-RETINA-04,TECH-06,Pod 3,NORMAL,Normal retinal vascular architecture.
IMG-0148,CASE-0148,2026-07-18T06:18:00,Fundus,79.0,ACCEPTABLE,DEV-SLIT-03,TECH-14,Pod 2,NORMAL,Normal retinal vascular architecture.
IMG-0149,CASE-0149,2026-08-30T03:25:00,Slit Lamp,78.1,ACCEPTABLE,DEV-FUNDUS-01,TECH-07,Pod 3,NORMAL,Normal retinal vascular architecture.
IMG-0150,CASE-0150,2026-08-18T11:12:00,Retinal Image,46.1,LOW_QUALITY,DEV-FUNDUS-01,TECH-01,Pod 3,INCONCLUSIVE,Poor contrast due to dense cataract / media opacity; foveal reflex unidentifiable.
IMG-0151,CASE-0151,2026-07-30T09:18:00,Fundus,86.5,GOOD,DEV-OCT-02,TECH-04,Pod 1,NORMAL,Normal retinal vascular architecture.
IMG-0152,CASE-0152,2026-08-02T07:35:00,Fundus,95.5,GOOD,DEV-OCT-02,TECH-05,Pod 2,NORMAL,Normal retinal vascular architecture.
IMG-0153,CASE-0153,2026-08-18T05:55:00,Fundus,80.3,ACCEPTABLE,DEV-FUNDUS-01,TECH-01,Pod 2,NORMAL,Normal retinal vascular architecture.
IMG-0154,CASE-0154,2026-07-20T06:55:00,Slit Lamp,88.5,GOOD,DEV-FUNDUS-01,TECH-07,Pod 2,ABNORMAL,Focal microaneurysms and cotton wool spots observed in superior arcade.
IMG-0155,CASE-0155,2026-07-27T05:20:00,Fundus,28.6,LOW_QUALITY,DEV-SLIT-03,TECH-05,Pod 4,INCONCLUSIVE,Poor contrast due to dense cataract / media opacity; foveal reflex unidentifiable.
IMG-0156,CASE-0156,2026-07-27T05:21:00,OCT,86.7,GOOD,DEV-FUNDUS-01,TECH-03,Pod 4,ABNORMAL,Focal microaneurysms and cotton wool spots observed in superior arcade.
IMG-0157,CASE-0157,2026-08-27T02:42:00,Retinal Image,85.1,GOOD,DEV-SLIT-03,TECH-04,Pod 1,NORMAL,Normal retinal vascular architecture.
IMG-0158,CASE-0158,2026-07-22T11:27:00,Fundus,91.9,GOOD,DEV-FUNDUS-01,TECH-09,Pod 3,NORMAL,Normal retinal vascular architecture.
IMG-0159,CASE-0159,2026-07-31T09:07:00,Retinal Image,92.7,GOOD,DEV-RETINA-04,TECH-11,Pod 4,ABNORMAL,Focal microaneurysms and cotton wool spots observed in superior arcade.
IMG-0160,CASE-0160,2026-08-16T09:08:00,OCT,95.6,GOOD,DEV-OCT-02,TECH-08,Pod 2,NORMAL,Normal retinal vascular architecture.
IMG-0161,CASE-0161,2026-07-29T11:41:00,OCT,97.6,GOOD,DEV-SLIT-03,TECH-07,Pod 2,ABNORMAL,Focal microaneurysms and cotton wool spots observed in superior arcade.
IMG-0162,CASE-0162,2026-09-01T10:56:00,Slit Lamp,92.0,GOOD,DEV-OCT-02,TECH-05,Pod 4,NORMAL,"Fundus examination shows sharp optic disc margins, clear macula, and normal vascular caliber."
IMG-0163,CASE-0163,2026-08-15T06:17:00,OCT,78.4,ACCEPTABLE,DEV-OCT-02,TECH-08,Pod 1,ABNORMAL,Focal microaneurysms and cotton wool spots observed in superior arcade.
IMG-0164,CASE-0164,2026-08-16T04:33:00,Fundus,92.0,GOOD,DEV-RETINA-04,TECH-02,Pod 3,NORMAL,"Fundus examination shows sharp optic disc margins, clear macula, and normal vascular caliber."
IMG-0165,CASE-0165,2026-08-27T07:05:00,Retinal Image,94.5,GOOD,DEV-OCT-02,TECH-06,Pod 2,NORMAL,Normal retinal vascular architecture.
IMG-0166,CASE-0166,2026-08-24T09:57:00,Fundus,92.0,GOOD,DEV-FUNDUS-01,TECH-13,Pod 4,NORMAL,"Fundus examination shows sharp optic disc margins, clear macula, and normal vascular caliber."
IMG-0167,CASE-0167,2026-08-17T08:06:00,Retinal Image,97.4,GOOD,DEV-SLIT-03,TECH-09,Pod 4,NORMAL,Normal retinal vascular architecture.
IMG-0168,CASE-0168,2026-08-02T01:50:00,OCT,92.0,GOOD,DEV-SLIT-03,TECH-05,Pod 4,NORMAL,"Fundus examination shows sharp optic disc margins, clear macula, and normal vascular caliber."
IMG-0169,CASE-0169,2026-08-20T06:32:00,OCT,31.0,LOW_QUALITY,DEV-RETINA-04,TECH-11,Pod 2,INCONCLUSIVE,Poor contrast due to dense cataract / media opacity; foveal reflex unidentifiable.
IMG-0170,CASE-0170,2026-08-14T10:25:00,OCT,76.1,ACCEPTABLE,DEV-OCT-02,TECH-02,Pod 3,NORMAL,Normal retinal vascular architecture.
IMG-0171,CASE-0171,2026-07-15T10:25:00,Fundus,77.8,ACCEPTABLE,DEV-OCT-02,TECH-07,Pod 4,ABNORMAL,Focal microaneurysms and cotton wool spots observed in superior arcade.
IMG-0172,CASE-0172,2026-07-23T11:20:00,OCT,97.4,GOOD,DEV-RETINA-04,TECH-06,Pod 1,NORMAL,Normal retinal vascular architecture.
IMG-0173,CASE-0173,2026-07-24T04:24:00,Retinal Image,30.4,LOW_QUALITY,DEV-SLIT-03,TECH-13,Pod 4,INCONCLUSIVE,Poor contrast due to dense cataract / media opacity; foveal reflex unidentifiable.
IMG-0174,CASE-0174,2026-08-21T02:15:00,OCT,85.3,GOOD,DEV-SLIT-03,TECH-08,Pod 1,ABNORMAL,Focal microaneurysms and cotton wool spots observed in superior arcade.
IMG-0175,CASE-0175,2026-08-23T00:54:00,OCT,95.1,GOOD,DEV-RETINA-04,TECH-04,Pod 1,NORMAL,Normal retinal vascular architecture.
IMG-0175-DUP,CASE-0175,2026-08-23T01:09:00,OCT,96.5,GOOD,DEV-RETINA-04,TECH-11,Pod 4,NORMAL,Repeat acquisition for OCT confirmation.
IMG-0176,CASE-0176,2026-07-22T05:31:00,Fundus,93.9,GOOD,DEV-FUNDUS-01,TECH-12,Pod 1,NORMAL,Normal retinal vascular architecture.
IMG-0177,CASE-0177,2026-07-23T02:52:00,Retinal Image,96.5,GOOD,DEV-SLIT-03,TECH-14,Pod 3,ABNORMAL,Focal microaneurysms and cotton wool spots observed in superior arcade.
IMG-0178,CASE-0178,2026-08-14T03:04:00,Slit Lamp,96.1,GOOD,DEV-OCT-02,TECH-02,Pod 1,NORMAL,Normal retinal vascular architecture.
IMG-0179,CASE-0179,2026-07-17T06:16:00,Retinal Image,76.8,ACCEPTABLE,DEV-SLIT-03,TECH-06,Pod 4,NORMAL,Normal retinal vascular architecture.
IMG-0180,CASE-0180,2026-07-20T04:44:00,Slit Lamp,76.9,ACCEPTABLE,DEV-FUNDUS-01,TECH-09,Pod 4,NORMAL,Normal retinal vascular architecture.
IMG-0181,CASE-0181,2026-08-20T01:32:00,Retinal Image,84.7,ACCEPTABLE,DEV-SLIT-03,TECH-06,Pod 1,NORMAL,Normal retinal vascular architecture.
IMG-0182,CASE-0182,2026-08-25T12:17:00,Retinal Image,75.5,ACCEPTABLE,DEV-OCT-02,TECH-04,Pod 3,NORMAL,Normal retinal vascular architecture.
IMG-0183,CASE-0183,2026-08-15T11:41:00,Fundus,81.7,ACCEPTABLE,DEV-RETINA-04,TECH-04,Pod 4,ABNORMAL,Focal microaneurysms and cotton wool spots observed in superior arcade.
IMG-0184,CASE-0184,2026-08-30T08:53:00,Slit Lamp,80.4,ACCEPTABLE,DEV-SLIT-03,TECH-13,Pod 1,ABNORMAL,Focal microaneurysms and cotton wool spots observed in superior arcade.
IMG-0185,CASE-0185,2026-07-27T09:14:00,OCT,94.8,GOOD,DEV-OCT-02,TECH-07,Pod 2,NORMAL,Normal retinal vascular architecture.
IMG-0186,CASE-0186,2026-08-06T06:23:00,OCT,88.7,GOOD,DEV-FUNDUS-01,TECH-06,Pod 1,NORMAL,Normal retinal vascular architecture.
IMG-0187,CASE-0187,2026-08-08T02:51:00,Retinal Image,80.1,ACCEPTABLE,DEV-OCT-02,TECH-13,Pod 2,ABNORMAL,Focal microaneurysms and cotton wool spots observed in superior arcade.
IMG-0187-DUP,CASE-0187,2026-08-08T03:06:00,Retinal Image,84.4,ACCEPTABLE,DEV-RETINA-04,TECH-14,Pod 4,ABNORMAL,Repeat acquisition for Retinal Image confirmation.
IMG-0188,CASE-0188,2026-08-07T00:32:00,Retinal Image,97.6,GOOD,DEV-RETINA-04,TECH-09,Pod 1,NORMAL,Normal retinal vascular architecture.
IMG-0189,CASE-0189,2026-08-23T03:36:00,Retinal Image,82.4,ACCEPTABLE,DEV-RETINA-04,TECH-10,Pod 2,NORMAL,Normal retinal vascular architecture.
IMG-0190,CASE-0190,2026-07-31T02:04:00,OCT,79.1,ACCEPTABLE,DEV-RETINA-04,TECH-05,Pod 3,ABNORMAL,Focal microaneurysms and cotton wool spots observed in superior arcade.
IMG-0191,CASE-0191,2026-08-01T07:06:00,Slit Lamp,89.3,GOOD,DEV-OCT-02,TECH-01,Pod 2,NORMAL,Normal retinal vascular architecture.
IMG-0192,CASE-0192,2026-08-06T07:59:00,Slit Lamp,82.4,ACCEPTABLE,DEV-FUNDUS-01,TECH-13,Pod 4,ABNORMAL,Focal microaneurysms and cotton wool spots observed in superior arcade.
IMG-0193,CASE-0193,2026-07-23T04:07:00,Retinal Image,87.0,GOOD,DEV-RETINA-04,TECH-13,Pod 2,NORMAL,Normal retinal vascular architecture.
IMG-0194,CASE-0194,2026-07-23T09:04:00,Fundus,90.8,GOOD,DEV-FUNDUS-01,TECH-14,Pod 2,NORMAL,Normal retinal vascular architecture.
IMG-0195,CASE-0195,2026-07-16T11:33:00,Fundus,97.3,GOOD,DEV-FUNDUS-01,TECH-06,Pod 4,NORMAL,Normal retinal vascular architecture.
IMG-0196,CASE-0196,2026-08-13T06:59:00,Fundus,93.4,GOOD,DEV-OCT-02,TECH-04,Pod 3,ABNORMAL,Focal microaneurysms and cotton wool spots observed in superior arcade.
IMG-0197,CASE-0197,2026-07-25T09:19:00,Slit Lamp,89.7,GOOD,DEV-OCT-02,TECH-04,Pod 3,NORMAL,Normal retinal vascular architecture.
IMG-0198,CASE-0198,2026-07-18T08:31:00,OCT,75.7,ACCEPTABLE,DEV-FUNDUS-01,TECH-02,Pod 4,ABNORMAL,Focal microaneurysms and cotton wool spots observed in superior arcade.
IMG-0198-DUP,CASE-0198,2026-07-18T08:46:00,OCT,75.0,ACCEPTABLE,DEV-OCT-02,TECH-12,Pod 4,ABNORMAL,Repeat acquisition for OCT confirmation.
IMG-0199,CASE-0199,2026-07-18T03:55:00,Slit Lamp,85.4,GOOD,DEV-RETINA-04,TECH-02,Pod 3,NORMAL,Normal retinal vascular architecture.
IMG-0200,CASE-0200,2026-08-03T03:48:00,OCT,43.7,LOW_QUALITY,DEV-RETINA-04,TECH-13,Pod 4,INCONCLUSIVE,Poor contrast due to dense cataract / media opacity; foveal reflex unidentifiable.
IMG-0201,CASE-0201,2026-08-26T06:13:00,Retinal Image,89.8,GOOD,DEV-OCT-02,TECH-14,Pod 2,NORMAL,Normal retinal vascular architecture.
IMG-0202,CASE-0202,2026-08-19T07:53:00,Slit Lamp,76.4,ACCEPTABLE,DEV-FUNDUS-01,TECH-01,Pod 3,ABNORMAL,Focal microaneurysms and cotton wool spots observed in superior arcade.
IMG-0203,CASE-0203,2026-08-20T02:40:00,Fundus,89.9,GOOD,DEV-RETINA-04,TECH-11,Pod 4,NORMAL,Normal retinal vascular architecture.
IMG-0204,CASE-0204,2026-08-21T05:28:00,Fundus,88.1,GOOD,DEV-FUNDUS-01,TECH-10,Pod 4,ABNORMAL,Focal microaneurysms and cotton wool spots observed in superior arcade.
IMG-0205,CASE-0205,2026-08-11T03:41:00,Slit Lamp,97.1,GOOD,DEV-SLIT-03,TECH-03,Pod 1,ABNORMAL,Focal microaneurysms and cotton wool spots observed in superior arcade.
IMG-0206,CASE-0206,2026-08-27T09:32:00,Fundus,88.9,GOOD,DEV-OCT-02,TECH-11,Pod 4,ABNORMAL,Focal microaneurysms and cotton wool spots observed in superior arcade.
IMG-0207,CASE-0207,2026-08-04T08:01:00,Retinal Image,84.2,ACCEPTABLE,DEV-OCT-02,TECH-07,Pod 4,NORMAL,Normal retinal vascular architecture.
IMG-0208,CASE-0208,2026-07-23T06:47:00,Retinal Image,85.6,GOOD,DEV-OCT-02,TECH-12,Pod 2,ABNORMAL,Focal microaneurysms and cotton wool spots observed in superior arcade.
IMG-0209,CASE-0209,2026-08-10T07:56:00,Fundus,91.3,GOOD,DEV-OCT-02,TECH-07,Pod 2,NORMAL,Normal retinal vascular architecture.
IMG-0210,CASE-0210,2026-08-05T05:04:00,Slit Lamp,92.0,GOOD,DEV-OCT-02,TECH-08,Pod 1,NORMAL,"Fundus examination shows sharp optic disc margins, clear macula, and normal vascular caliber."
IMG-0211,CASE-0211,2026-07-22T10:34:00,Fundus,95.6,GOOD,DEV-FUNDUS-01,TECH-01,Pod 4,NORMAL,Normal retinal vascular architecture.
IMG-0212,CASE-0212,2026-08-05T06:17:00,Slit Lamp,92.0,GOOD,DEV-SLIT-03,TECH-11,Pod 3,NORMAL,"Fundus examination shows sharp optic disc margins, clear macula, and normal vascular caliber."
IMG-0213,CASE-0213,2026-08-21T04:33:00,Fundus,95.4,GOOD,DEV-OCT-02,TECH-03,Pod 1,NORMAL,Normal retinal vascular architecture.
IMG-0214,CASE-0214,2026-07-17T10:43:00,Fundus,91.9,GOOD,DEV-FUNDUS-01,TECH-08,Pod 1,NORMAL,Normal retinal vascular architecture.
IMG-0215,CASE-0215,2026-07-24T08:20:00,OCT,92.0,GOOD,DEV-FUNDUS-01,TECH-10,Pod 2,NORMAL,"Fundus examination shows sharp optic disc margins, clear macula, and normal vascular caliber."
IMG-0216,CASE-0216,2026-08-30T08:09:00,Fundus,91.3,GOOD,DEV-SLIT-03,TECH-07,Pod 4,NORMAL,Normal retinal vascular architecture.
IMG-0217,CASE-0217,2026-09-01T03:18:00,OCT,92.0,GOOD,DEV-SLIT-03,TECH-01,Pod 2,NORMAL,"Fundus examination shows sharp optic disc margins, clear macula, and normal vascular caliber."
IMG-0218,CASE-0218,2026-08-14T07:47:00,Fundus,86.2,GOOD,DEV-OCT-02,TECH-12,Pod 4,NORMAL,Normal retinal vascular architecture.
IMG-0219,CASE-0219,2026-08-26T06:44:00,OCT,80.0,ACCEPTABLE,DEV-OCT-02,TECH-07,Pod 3,NORMAL,Normal retinal vascular architecture.
IMG-0220,CASE-0220,2026-08-29T08:34:00,OCT,43.2,LOW_QUALITY,DEV-OCT-02,TECH-10,Pod 2,INCONCLUSIVE,Poor contrast due to dense cataract / media opacity; foveal reflex unidentifiable.
IMG-0221,CASE-0221,2026-08-05T04:22:00,Fundus,84.8,ACCEPTABLE,DEV-FUNDUS-01,TECH-08,Pod 4,NORMAL,Normal retinal vascular architecture.
IMG-0222,CASE-0222,2026-08-03T07:33:00,Slit Lamp,87.2,GOOD,DEV-SLIT-03,TECH-12,Pod 2,NORMAL,Normal retinal vascular architecture.
IMG-0223,CASE-0223,2026-08-03T02:10:00,Slit Lamp,80.5,ACCEPTABLE,DEV-RETINA-04,TECH-12,Pod 2,NORMAL,Normal retinal vascular architecture.
IMG-0224,CASE-0224,2026-07-29T01:19:00,Retinal Image,77.0,ACCEPTABLE,DEV-OCT-02,TECH-05,Pod 1,NORMAL,Normal retinal vascular architecture.
IMG-0225,CASE-0225,2026-07-22T12:12:00,Slit Lamp,90.1,GOOD,DEV-RETINA-04,TECH-10,Pod 4,ABNORMAL,Focal microaneurysms and cotton wool spots observed in superior arcade.
IMG-0226,CASE-0226,2026-08-22T02:04:00,OCT,77.7,ACCEPTABLE,DEV-OCT-02,TECH-08,Pod 3,ABNORMAL,Focal microaneurysms and cotton wool spots observed in superior arcade.
IMG-0227,CASE-0227,2026-08-07T04:33:00,Retinal Image,95.6,GOOD,DEV-OCT-02,TECH-13,Pod 4,ABNORMAL,Focal microaneurysms and cotton wool spots observed in superior arcade.
IMG-0228,CASE-0228,2026-08-07T01:48:00,OCT,93.0,GOOD,DEV-OCT-02,TECH-01,Pod 1,ABNORMAL,Focal microaneurysms and cotton wool spots observed in superior arcade.
IMG-0229,CASE-0229,2026-08-07T09:47:00,Fundus,80.0,ACCEPTABLE,DEV-RETINA-04,TECH-13,Pod 4,ABNORMAL,Focal microaneurysms and cotton wool spots observed in superior arcade.
IMG-0230,CASE-0230,2026-08-13T05:49:00,Slit Lamp,84.5,ACCEPTABLE,DEV-OCT-02,TECH-04,Pod 2,NORMAL,Normal retinal vascular architecture.
IMG-0231,CASE-0231,2026-08-13T03:04:00,Slit Lamp,86.3,GOOD,DEV-SLIT-03,TECH-10,Pod 4,ABNORMAL,Focal microaneurysms and cotton wool spots observed in superior arcade.
IMG-0232,CASE-0232,2026-08-29T06:13:00,OCT,92.6,GOOD,DEV-FUNDUS-01,TECH-10,Pod 2,NORMAL,Normal retinal vascular architecture.
IMG-0233,CASE-0233,2026-08-24T02:55:00,OCT,94.1,GOOD,DEV-FUNDUS-01,TECH-07,Pod 4,ABNORMAL,Focal microaneurysms and cotton wool spots observed in superior arcade.
IMG-0234,CASE-0234,2026-08-25T10:03:00,Fundus,25.4,LOW_QUALITY,DEV-RETINA-04,TECH-13,Pod 4,INCONCLUSIVE,Poor contrast due to dense cataract / media opacity; foveal reflex unidentifiable.
IMG-0234-DUP,CASE-0234,2026-08-25T10:18:00,Fundus,21.5,LOW_QUALITY,DEV-FUNDUS-01,TECH-08,Pod 1,INCONCLUSIVE,Repeat acquisition for Fundus confirmation.
IMG-0235,CASE-0235,2026-08-31T10:27:00,Fundus,27.3,LOW_QUALITY,DEV-FUNDUS-01,TECH-09,Pod 2,INCONCLUSIVE,Poor contrast due to dense cataract / media opacity; foveal reflex unidentifiable.
IMG-0236,CASE-0236,2026-08-21T05:09:00,Fundus,87.0,GOOD,DEV-SLIT-03,TECH-12,Pod 3,NORMAL,Normal retinal vascular architecture.
IMG-0237,CASE-0237,2026-07-16T05:51:00,Slit Lamp,79.1,ACCEPTABLE,DEV-RETINA-04,TECH-11,Pod 1,ABNORMAL,Focal microaneurysms and cotton wool spots observed in superior arcade.
IMG-0238,CASE-0238,2026-07-25T06:22:00,Slit Lamp,85.9,GOOD,DEV-RETINA-04,TECH-08,Pod 3,NORMAL,Normal retinal vascular architecture.
IMG-0239,CASE-0239,2026-08-08T03:50:00,OCT,81.8,ACCEPTABLE,DEV-SLIT-03,TECH-09,Pod 3,NORMAL,Normal retinal vascular architecture.
IMG-0240,CASE-0240,2026-07-28T05:44:00,Retinal Image,90.2,GOOD,DEV-RETINA-04,TECH-08,Pod 2,ABNORMAL,Focal microaneurysms and cotton wool spots observed in superior arcade.
IMG-0241,CASE-0241,2026-08-10T03:06:00,OCT,80.7,ACCEPTABLE,DEV-FUNDUS-01,TECH-12,Pod 1,NORMAL,Normal retinal vascular architecture.
IMG-0242,CASE-0242,2026-07-19T05:33:00,OCT,92.0,GOOD,DEV-SLIT-03,TECH-08,Pod 3,NORMAL,"Fundus examination shows sharp optic disc margins, clear macula, and normal vascular caliber."
IMG-0243,CASE-0243,2026-08-29T06:04:00,Retinal Image,84.8,ACCEPTABLE,DEV-FUNDUS-01,TECH-11,Pod 3,NORMAL,Normal retinal vascular architecture.
IMG-0244,CASE-0244,2026-07-31T05:35:00,Retinal Image,81.2,ACCEPTABLE,DEV-RETINA-04,TECH-10,Pod 1,NORMAL,Normal retinal vascular architecture.
IMG-0245,CASE-0245,2026-08-14T09:07:00,Retinal Image,86.2,GOOD,DEV-RETINA-04,TECH-11,Pod 1,ABNORMAL,Focal microaneurysms and cotton wool spots observed in superior arcade.
IMG-0246,CASE-0246,2026-08-31T11:14:00,Retinal Image,96.7,GOOD,DEV-OCT-02,TECH-04,Pod 1,ABNORMAL,Focal microaneurysms and cotton wool spots observed in superior arcade.
IMG-0247,CASE-0247,2026-07-16T09:53:00,Fundus,36.3,LOW_QUALITY,DEV-SLIT-03,TECH-12,Pod 1,INCONCLUSIVE,Poor contrast due to dense cataract / media opacity; foveal reflex unidentifiable.
IMG-0248,CASE-0248,2026-07-19T07:22:00,OCT,94.7,GOOD,DEV-RETINA-04,TECH-05,Pod 3,NORMAL,Normal retinal vascular architecture.
IMG-0249,CASE-0249,2026-08-11T05:37:00,Fundus,92.5,GOOD,DEV-OCT-02,TECH-11,Pod 4,NORMAL,Normal retinal vascular architecture.
IMG-0250,CASE-0250,2026-08-22T07:47:00,OCT,90.8,GOOD,DEV-SLIT-03,TECH-04,Pod 1,ABNORMAL,Focal microaneurysms and cotton wool spots observed in superior arcade.
IMG-0251,CASE-0251,2026-08-20T05:43:00,OCT,96.8,GOOD,DEV-RETINA-04,TECH-13,Pod 4,NORMAL,Normal retinal vascular architecture.
IMG-0252,CASE-0252,2026-08-05T06:44:00,Slit Lamp,30.4,LOW_QUALITY,DEV-RETINA-04,TECH-04,Pod 3,INCONCLUSIVE,Poor contrast due to dense cataract / media opacity; foveal reflex unidentifiable.
IMG-0253,CASE-0253,2026-08-16T11:36:00,Fundus,75.1,ACCEPTABLE,DEV-RETINA-04,TECH-05,Pod 4,NORMAL,Normal retinal vascular architecture.
IMG-0254,CASE-0254,2026-08-25T07:41:00,Slit Lamp,86.9,GOOD,DEV-OCT-02,TECH-06,Pod 4,NORMAL,Normal retinal vascular architecture.
IMG-0255,CASE-0255,2026-08-01T10:43:00,Slit Lamp,77.2,ACCEPTABLE,DEV-OCT-02,TECH-14,Pod 2,ABNORMAL,Focal microaneurysms and cotton wool spots observed in superior arcade.
IMG-0256,CASE-0256,2026-07-20T12:08:00,Slit Lamp,38.7,LOW_QUALITY,DEV-FUNDUS-01,TECH-06,Pod 1,INCONCLUSIVE,Poor contrast due to dense cataract / media opacity; foveal reflex unidentifiable.
IMG-0257,CASE-0257,2026-08-08T10:03:00,Retinal Image,81.6,ACCEPTABLE,DEV-OCT-02,TECH-02,Pod 3,ABNORMAL,Focal microaneurysms and cotton wool spots observed in superior arcade.
IMG-0258,CASE-0258,2026-07-31T09:56:00,OCT,85.0,ACCEPTABLE,DEV-FUNDUS-01,TECH-09,Pod 3,NORMAL,Normal retinal vascular architecture.
IMG-0259,CASE-0259,2026-07-20T05:43:00,Fundus,86.7,GOOD,DEV-RETINA-04,TECH-11,Pod 3,NORMAL,Normal retinal vascular architecture.
IMG-0260,CASE-0260,2026-08-13T05:40:00,OCT,76.8,ACCEPTABLE,DEV-SLIT-03,TECH-14,Pod 1,ABNORMAL,Focal microaneurysms and cotton wool spots observed in superior arcade.
IMG-0261,CASE-0261,2026-07-19T03:25:00,Fundus,79.8,ACCEPTABLE,DEV-OCT-02,TECH-07,Pod 2,NORMAL,Normal retinal vascular architecture.
IMG-0262,CASE-0262,2026-08-02T12:12:00,Slit Lamp,75.2,ACCEPTABLE,DEV-RETINA-04,TECH-07,Pod 4,NORMAL,Normal retinal vascular architecture.
IMG-0263,CASE-0263,2026-07-30T12:44:00,Retinal Image,89.3,GOOD,DEV-RETINA-04,TECH-12,Pod 4,NORMAL,Normal retinal vascular architecture.
IMG-0263-DUP,CASE-0263,2026-07-30T12:59:00,Retinal Image,87.2,GOOD,DEV-OCT-02,TECH-08,Pod 3,NORMAL,Repeat acquisition for Retinal Image confirmation.
IMG-0264,CASE-0264,2026-07-20T07:22:00,OCT,79.6,ACCEPTABLE,DEV-FUNDUS-01,TECH-13,Pod 4,NORMAL,Normal retinal vascular architecture.
IMG-0265,CASE-0265,2026-08-11T06:19:00,Fundus,42.7,LOW_QUALITY,DEV-SLIT-03,TECH-03,Pod 1,INCONCLUSIVE,Poor contrast due to dense cataract / media opacity; foveal reflex unidentifiable.
IMG-0266,CASE-0266,2026-08-19T06:01:00,OCT,35.1,LOW_QUALITY,DEV-RETINA-04,TECH-13,Pod 1,INCONCLUSIVE,Poor contrast due to dense cataract / media opacity; foveal reflex unidentifiable.
IMG-0267,CASE-0267,2026-08-06T08:57:00,Retinal Image,78.3,ACCEPTABLE,DEV-FUNDUS-01,TECH-02,Pod 3,NORMAL,Normal retinal vascular architecture.
IMG-0268,CASE-0268,2026-08-12T08:26:00,Retinal Image,92.8,GOOD,DEV-FUNDUS-01,TECH-01,Pod 3,ABNORMAL,Focal microaneurysms and cotton wool spots observed in superior arcade.
IMG-0269,CASE-0269,2026-07-15T11:35:00,Fundus,91.8,GOOD,DEV-SLIT-03,TECH-11,Pod 3,ABNORMAL,Focal microaneurysms and cotton wool spots observed in superior arcade.
IMG-0270,CASE-0270,2026-07-18T02:50:00,Fundus,78.4,ACCEPTABLE,DEV-RETINA-04,TECH-02,Pod 1,NORMAL,Normal retinal vascular architecture.
IMG-0270-DUP,CASE-0270,2026-07-18T03:05:00,Fundus,82.3,ACCEPTABLE,DEV-RETINA-04,TECH-04,Pod 4,NORMAL,Repeat acquisition for Fundus confirmation.
IMG-0271,CASE-0271,2026-07-17T03:25:00,Retinal Image,85.9,GOOD,DEV-SLIT-03,TECH-02,Pod 4,ABNORMAL,Focal microaneurysms and cotton wool spots observed in superior arcade.
IMG-0272,CASE-0272,2026-08-23T10:14:00,Fundus,87.6,GOOD,DEV-FUNDUS-01,TECH-07,Pod 4,NORMAL,Normal retinal vascular architecture.
IMG-0273,CASE-0273,2026-08-12T08:41:00,Slit Lamp,39.9,LOW_QUALITY,DEV-OCT-02,TECH-12,Pod 1,INCONCLUSIVE,Poor contrast due to dense cataract / media opacity; foveal reflex unidentifiable.
IMG-0274,CASE-0274,2026-08-21T13:24:00,Fundus,86.3,GOOD,DEV-SLIT-03,TECH-07,Pod 2,ABNORMAL,Focal microaneurysms and cotton wool spots observed in superior arcade.
IMG-0275,CASE-0275,2026-08-06T08:21:00,OCT,84.5,ACCEPTABLE,DEV-RETINA-04,TECH-14,Pod 1,NORMAL,Normal retinal vascular architecture.
IMG-0275-DUP,CASE-0275,2026-08-06T08:36:00,OCT,81.9,ACCEPTABLE,DEV-OCT-02,TECH-08,Pod 4,NORMAL,Repeat acquisition for OCT confirmation.
IMG-0276,CASE-0276,2026-07-28T09:08:00,OCT,93.0,GOOD,DEV-RETINA-04,TECH-09,Pod 4,NORMAL,Normal retinal vascular architecture.
IMG-0276-DUP,CASE-0276,2026-07-28T09:23:00,OCT,96.1,GOOD,DEV-SLIT-03,TECH-11,Pod 2,NORMAL,Repeat acquisition for OCT confirmation.
IMG-0277,CASE-0277,2026-07-16T03:55:00,OCT,89.0,GOOD,DEV-SLIT-03,TECH-11,Pod 3,ABNORMAL,Focal microaneurysms and cotton wool spots observed in superior arcade.
IMG-0278,CASE-0278,2026-09-01T08:12:00,Fundus,95.5,GOOD,DEV-RETINA-04,TECH-11,Pod 1,ABNORMAL,Focal microaneurysms and cotton wool spots observed in superior arcade.
IMG-0279,CASE-0279,2026-08-09T07:41:00,Slit Lamp,93.6,GOOD,DEV-RETINA-04,TECH-06,Pod 1,NORMAL,Normal retinal vascular architecture.
IMG-0280,CASE-0280,2026-08-24T09:30:00,Slit Lamp,90.7,GOOD,DEV-FUNDUS-01,TECH-07,Pod 1,ABNORMAL,Focal microaneurysms and cotton wool spots observed in superior arcade.
IMG-0281,CASE-0281,2026-08-06T01:50:00,Retinal Image,97.0,GOOD,DEV-OCT-02,TECH-03,Pod 3,ABNORMAL,Focal microaneurysms and cotton wool spots observed in superior arcade.
IMG-0282,CASE-0282,2026-08-11T01:17:00,Fundus,83.7,ACCEPTABLE,DEV-FUNDUS-01,TECH-13,Pod 2,ABNORMAL,Focal microaneurysms and cotton wool spots observed in superior arcade.
IMG-0282-DUP,CASE-0282,2026-08-11T01:32:00,Fundus,86.7,ACCEPTABLE,DEV-FUNDUS-01,TECH-05,Pod 4,ABNORMAL,Repeat acquisition for Fundus confirmation.
IMG-0283,CASE-0283,2026-08-03T03:37:00,Slit Lamp,88.5,GOOD,DEV-FUNDUS-01,TECH-10,Pod 1,NORMAL,Normal retinal vascular architecture.
IMG-0284,CASE-0284,2026-08-05T03:46:00,Fundus,86.9,GOOD,DEV-OCT-02,TECH-01,Pod 2,ABNORMAL,Focal microaneurysms and cotton wool spots observed in superior arcade.
IMG-0285,CASE-0285,2026-08-20T04:46:00,Slit Lamp,78.7,ACCEPTABLE,DEV-FUNDUS-01,TECH-08,Pod 2,NORMAL,Normal retinal vascular architecture.
IMG-0286,CASE-0286,2026-08-31T03:59:00,Fundus,79.6,ACCEPTABLE,DEV-OCT-02,TECH-05,Pod 2,NORMAL,Normal retinal vascular architecture.
IMG-0287,CASE-0287,2026-08-13T05:53:00,Fundus,78.3,ACCEPTABLE,DEV-OCT-02,TECH-04,Pod 4,ABNORMAL,Focal microaneurysms and cotton wool spots observed in superior arcade.
IMG-0288,CASE-0288,2026-07-26T05:22:00,Retinal Image,79.1,ACCEPTABLE,DEV-RETINA-04,TECH-12,Pod 4,ABNORMAL,Focal microaneurysms and cotton wool spots observed in superior arcade.
IMG-0289,CASE-0289,2026-08-09T05:58:00,Slit Lamp,84.8,ACCEPTABLE,DEV-RETINA-04,TECH-06,Pod 4,NORMAL,Normal retinal vascular architecture.
IMG-0290,CASE-0290,2026-07-31T02:51:00,OCT,90.5,GOOD,DEV-SLIT-03,TECH-04,Pod 2,NORMAL,Normal retinal vascular architecture.
IMG-0291,CASE-0291,2026-07-26T12:48:00,Retinal Image,41.6,LOW_QUALITY,DEV-RETINA-04,TECH-06,Pod 1,INCONCLUSIVE,Poor contrast due to dense cataract / media opacity; foveal reflex unidentifiable.
IMG-0292,CASE-0292,2026-08-01T07:03:00,Fundus,88.1,GOOD,DEV-OCT-02,TECH-03,Pod 3,NORMAL,Normal retinal vascular architecture.
IMG-0293,CASE-0293,2026-08-13T09:05:00,OCT,76.6,ACCEPTABLE,DEV-SLIT-03,TECH-04,Pod 2,ABNORMAL,Focal microaneurysms and cotton wool spots observed in superior arcade.
IMG-0294,CASE-0294,2026-08-06T05:27:00,Slit Lamp,88.5,GOOD,DEV-RETINA-04,TECH-05,Pod 2,NORMAL,Normal retinal vascular architecture.
IMG-0294-DUP,CASE-0294,2026-08-06T05:42:00,Slit Lamp,84.9,GOOD,DEV-FUNDUS-01,TECH-14,Pod 4,NORMAL,Repeat acquisition for Slit Lamp confirmation.
IMG-0295,CASE-0295,2026-07-18T09:08:00,Retinal Image,45.9,LOW_QUALITY,DEV-OCT-02,TECH-12,Pod 1,INCONCLUSIVE,Poor contrast due to dense cataract / media opacity; foveal reflex unidentifiable.
IMG-0296,CASE-0296,2026-08-09T08:45:00,Fundus,76.7,ACCEPTABLE,DEV-RETINA-04,TECH-07,Pod 3,ABNORMAL,Focal microaneurysms and cotton wool spots observed in superior arcade.
IMG-0297,CASE-0297,2026-08-01T04:10:00,Fundus,89.0,GOOD,DEV-FUNDUS-01,TECH-09,Pod 4,NORMAL,Normal retinal vascular architecture.
IMG-0298,CASE-0298,2026-07-20T01:54:00,Retinal Image,92.6,GOOD,DEV-SLIT-03,TECH-04,Pod 2,ABNORMAL,Focal microaneurysms and cotton wool spots observed in superior arcade.
IMG-0299,CASE-0299,2026-08-26T05:57:00,Fundus,92.0,GOOD,DEV-SLIT-03,TECH-06,Pod 2,NORMAL,"Fundus examination shows sharp optic disc margins, clear macula, and normal vascular caliber."
IMG-0299-DUP,CASE-0299,2026-08-26T06:12:00,Fundus,93.5,GOOD,DEV-FUNDUS-01,TECH-07,Pod 2,NORMAL,Repeat acquisition for Fundus confirmation.
IMG-0300,CASE-0300,2026-07-25T06:06:00,Slit Lamp,79.0,ACCEPTABLE,DEV-SLIT-03,TECH-14,Pod 4,ABNORMAL,Focal microaneurysms and cotton wool spots observed in superior arcade.
IMG-0300-DUP,CASE-0300,2026-07-25T06:21:00,Slit Lamp,74.2,ACCEPTABLE,DEV-RETINA-04,TECH-07,Pod 2,ABNORMAL,Repeat acquisition for Slit Lamp confirmation.
IMG-0301,CASE-0301,2026-08-01T09:13:00,OCT,81.4,ACCEPTABLE,DEV-FUNDUS-01,TECH-09,Pod 4,NORMAL,Normal retinal vascular architecture.
IMG-0302,CASE-0302,2026-07-25T03:43:00,Fundus,89.6,GOOD,DEV-OCT-02,TECH-03,Pod 1,NORMAL,Normal retinal vascular architecture.
IMG-0303,CASE-0303,2026-08-22T08:06:00,Retinal Image,76.8,ACCEPTABLE,DEV-RETINA-04,TECH-07,Pod 2,ABNORMAL,Focal microaneurysms and cotton wool spots observed in superior arcade.
IMG-0304,CASE-0304,2026-08-23T04:22:00,Slit Lamp,78.1,ACCEPTABLE,DEV-OCT-02,TECH-04,Pod 1,NORMAL,Normal retinal vascular architecture.
IMG-0304-DUP,CASE-0304,2026-08-23T04:37:00,Slit Lamp,78.1,ACCEPTABLE,DEV-SLIT-03,TECH-08,Pod 4,NORMAL,Repeat acquisition for Slit Lamp confirmation.
IMG-0305,CASE-0305,2026-08-22T08:19:00,Retinal Image,96.3,GOOD,DEV-OCT-02,TECH-08,Pod 1,ABNORMAL,Focal microaneurysms and cotton wool spots observed in superior arcade.
IMG-0306,CASE-0306,2026-08-08T05:51:00,Retinal Image,38.5,LOW_QUALITY,DEV-RETINA-04,TECH-13,Pod 1,INCONCLUSIVE,Poor contrast due to dense cataract / media opacity; foveal reflex unidentifiable.
IMG-0307,CASE-0307,2026-08-28T04:43:00,Retinal Image,29.2,LOW_QUALITY,DEV-FUNDUS-01,TECH-08,Pod 2,INCONCLUSIVE,Poor contrast due to dense cataract / media opacity; foveal reflex unidentifiable.
IMG-0308,CASE-0308,2026-08-27T09:30:00,Fundus,75.2,ACCEPTABLE,DEV-FUNDUS-01,TECH-11,Pod 1,NORMAL,Normal retinal vascular architecture.
IMG-0309,CASE-0309,2026-08-11T04:43:00,Slit Lamp,93.5,GOOD,DEV-RETINA-04,TECH-12,Pod 2,NORMAL,Normal retinal vascular architecture.
IMG-0309-DUP,CASE-0309,2026-08-11T04:58:00,Slit Lamp,89.7,GOOD,DEV-SLIT-03,TECH-12,Pod 2,NORMAL,Repeat acquisition for Slit Lamp confirmation.
IMG-0310,CASE-0310,2026-08-01T06:23:00,Retinal Image,81.8,ACCEPTABLE,DEV-OCT-02,TECH-14,Pod 1,NORMAL,Normal retinal vascular architecture.
IMG-0311,CASE-0311,2026-07-21T10:14:00,Retinal Image,96.9,GOOD,DEV-OCT-02,TECH-09,Pod 4,ABNORMAL,Focal microaneurysms and cotton wool spots observed in superior arcade.
IMG-0312,CASE-0312,2026-07-16T01:11:00,Fundus,88.6,GOOD,DEV-RETINA-04,TECH-07,Pod 3,NORMAL,Normal retinal vascular architecture.
IMG-0313,CASE-0313,2026-08-14T09:53:00,Retinal Image,89.5,GOOD,DEV-SLIT-03,TECH-12,Pod 4,NORMAL,Normal retinal vascular architecture.
IMG-0313-DUP,CASE-0313,2026-08-14T10:08:00,Retinal Image,92.6,GOOD,DEV-OCT-02,TECH-14,Pod 2,NORMAL,Repeat acquisition for Retinal Image confirmation.
IMG-0314,CASE-0314,2026-07-15T06:45:00,OCT,82.4,ACCEPTABLE,DEV-FUNDUS-01,TECH-14,Pod 3,ABNORMAL,Focal microaneurysms and cotton wool spots observed in superior arcade.
IMG-0315,CASE-0315,2026-07-27T08:43:00,Retinal Image,79.1,ACCEPTABLE,DEV-SLIT-03,TECH-10,Pod 4,NORMAL,Normal retinal vascular architecture.
IMG-0316,CASE-0316,2026-07-22T04:48:00,Retinal Image,81.3,ACCEPTABLE,DEV-OCT-02,TECH-07,Pod 4,ABNORMAL,Focal microaneurysms and cotton wool spots observed in superior arcade.
IMG-0317,CASE-0317,2026-07-19T09:52:00,Fundus,79.2,ACCEPTABLE,DEV-OCT-02,TECH-01,Pod 4,NORMAL,Normal retinal vascular architecture.
IMG-0318,CASE-0318,2026-07-29T10:11:00,Retinal Image,78.2,ACCEPTABLE,DEV-SLIT-03,TECH-09,Pod 3,NORMAL,Normal retinal vascular architecture.
IMG-0319,CASE-0319,2026-07-24T07:05:00,Slit Lamp,90.6,GOOD,DEV-OCT-02,TECH-09,Pod 2,ABNORMAL,Focal microaneurysms and cotton wool spots observed in superior arcade.
IMG-0319-DUP,CASE-0319,2026-07-24T07:20:00,Slit Lamp,92.9,GOOD,DEV-OCT-02,TECH-12,Pod 3,ABNORMAL,Repeat acquisition for Slit Lamp confirmation.
IMG-0320,CASE-0320,2026-08-25T04:14:00,OCT,95.0,GOOD,DEV-FUNDUS-01,TECH-02,Pod 4,NORMAL,Normal retinal vascular architecture.
IMG-0321,CASE-0321,2026-07-25T11:37:00,OCT,31.0,LOW_QUALITY,DEV-OCT-02,TECH-11,Pod 2,INCONCLUSIVE,Poor contrast due to dense cataract / media opacity; foveal reflex unidentifiable.
IMG-0322,CASE-0322,2026-08-21T04:01:00,Fundus,96.8,GOOD,DEV-SLIT-03,TECH-14,Pod 1,NORMAL,Normal retinal vascular architecture.
IMG-0323,CASE-0323,2026-07-31T01:47:00,Slit Lamp,30.6,LOW_QUALITY,DEV-FUNDUS-01,TECH-10,Pod 4,INCONCLUSIVE,Poor contrast due to dense cataract / media opacity; foveal reflex unidentifiable.
IMG-0324,CASE-0324,2026-08-25T05:06:00,Retinal Image,80.0,ACCEPTABLE,DEV-FUNDUS-01,TECH-08,Pod 4,NORMAL,Normal retinal vascular architecture.
IMG-0324-DUP,CASE-0324,2026-08-25T05:21:00,Retinal Image,75.1,ACCEPTABLE,DEV-RETINA-04,TECH-06,Pod 3,NORMAL,Repeat acquisition for Retinal Image confirmation.
IMG-0325,CASE-0325,2026-07-31T11:03:00,Slit Lamp,81.9,ACCEPTABLE,DEV-OCT-02,TECH-09,Pod 3,NORMAL,Normal retinal vascular architecture.
IMG-0326,CASE-0326,2026-08-07T05:24:00,Retinal Image,36.2,LOW_QUALITY,DEV-RETINA-04,TECH-13,Pod 2,INCONCLUSIVE,Poor contrast due to dense cataract / media opacity; foveal reflex unidentifiable.
IMG-0327,CASE-0327,2026-08-29T07:52:00,OCT,91.8,GOOD,DEV-SLIT-03,TECH-13,Pod 1,NORMAL,Normal retinal vascular architecture.
IMG-0328,CASE-0328,2026-08-18T10:01:00,Fundus,83.7,ACCEPTABLE,DEV-OCT-02,TECH-04,Pod 3,NORMAL,Normal retinal vascular architecture.
IMG-0329,CASE-0329,2026-08-29T08:14:00,Slit Lamp,82.0,ACCEPTABLE,DEV-FUNDUS-01,TECH-11,Pod 2,NORMAL,Normal retinal vascular architecture.
IMG-0330,CASE-0330,2026-08-08T09:20:00,Retinal Image,96.3,GOOD,DEV-SLIT-03,TECH-05,Pod 4,NORMAL,Normal retinal vascular architecture.
IMG-0331,CASE-0331,2026-07-31T11:19:00,Retinal Image,90.7,GOOD,DEV-FUNDUS-01,TECH-03,Pod 4,ABNORMAL,Focal microaneurysms and cotton wool spots observed in superior arcade.
IMG-0332,CASE-0332,2026-09-01T09:47:00,OCT,81.8,ACCEPTABLE,DEV-FUNDUS-01,TECH-03,Pod 2,NORMAL,Normal retinal vascular architecture.
IMG-0332-DUP,CASE-0332,2026-09-01T10:02:00,OCT,79.2,ACCEPTABLE,DEV-FUNDUS-01,TECH-11,Pod 2,NORMAL,Repeat acquisition for OCT confirmation.
IMG-0333,CASE-0333,2026-09-01T06:32:00,Retinal Image,95.7,GOOD,DEV-FUNDUS-01,TECH-11,Pod 1,NORMAL,Normal retinal vascular architecture.
IMG-0334,CASE-0334,2026-08-18T08:10:00,OCT,95.7,GOOD,DEV-OCT-02,TECH-08,Pod 2,NORMAL,Normal retinal vascular architecture.
IMG-0335,CASE-0335,2026-07-20T03:58:00,OCT,41.7,LOW_QUALITY,DEV-FUNDUS-01,TECH-10,Pod 1,INCONCLUSIVE,Poor contrast due to dense cataract / media opacity; foveal reflex unidentifiable.
IMG-0336,CASE-0336,2026-07-29T05:29:00,Slit Lamp,86.0,GOOD,DEV-SLIT-03,TECH-11,Pod 1,NORMAL,Normal retinal vascular architecture.
IMG-0336-DUP,CASE-0336,2026-07-29T05:44:00,Slit Lamp,81.4,GOOD,DEV-SLIT-03,TECH-02,Pod 4,NORMAL,Repeat acquisition for Slit Lamp confirmation.
IMG-0337,CASE-0337,2026-08-25T07:00:00,OCT,79.1,ACCEPTABLE,DEV-OCT-02,TECH-11,Pod 4,NORMAL,Normal retinal vascular architecture.
IMG-0338,CASE-0338,2026-07-22T11:01:00,OCT,77.1,ACCEPTABLE,DEV-OCT-02,TECH-13,Pod 4,ABNORMAL,Focal microaneurysms and cotton wool spots observed in superior arcade.
IMG-0339,CASE-0339,2026-08-18T04:22:00,Retinal Image,47.0,LOW_QUALITY,DEV-FUNDUS-01,TECH-01,Pod 3,INCONCLUSIVE,Poor contrast due to dense cataract / media opacity; foveal reflex unidentifiable.
IMG-0340,CASE-0340,2026-08-25T08:10:00,OCT,75.7,ACCEPTABLE,DEV-FUNDUS-01,TECH-04,Pod 1,NORMAL,Normal retinal vascular architecture.
IMG-0340-DUP,CASE-0340,2026-08-25T08:25:00,OCT,79.0,ACCEPTABLE,DEV-RETINA-04,TECH-03,Pod 2,NORMAL,Repeat acquisition for OCT confirmation.
IMG-0341,CASE-0341,2026-08-29T13:01:00,Slit Lamp,92.0,GOOD,DEV-SLIT-03,TECH-12,Pod 2,NORMAL,"Fundus examination shows sharp optic disc margins, clear macula, and normal vascular caliber."
IMG-0342,CASE-0342,2026-08-18T07:17:00,OCT,76.3,ACCEPTABLE,DEV-RETINA-04,TECH-04,Pod 3,NORMAL,Normal retinal vascular architecture.
IMG-0343,CASE-0343,2026-07-25T09:52:00,Fundus,88.0,GOOD,DEV-FUNDUS-01,TECH-01,Pod 3,ABNORMAL,Focal microaneurysms and cotton wool spots observed in superior arcade.
IMG-0344,CASE-0344,2026-07-16T02:16:00,OCT,78.5,ACCEPTABLE,DEV-FUNDUS-01,TECH-12,Pod 2,NORMAL,Normal retinal vascular architecture.
IMG-0345,CASE-0345,2026-07-18T03:49:00,OCT,92.6,GOOD,DEV-FUNDUS-01,TECH-08,Pod 1,NORMAL,Normal retinal vascular architecture.
IMG-0346,CASE-0346,2026-08-04T09:25:00,Slit Lamp,86.8,GOOD,DEV-SLIT-03,TECH-06,Pod 1,NORMAL,Normal retinal vascular architecture.
IMG-0347,CASE-0347,2026-07-27T06:44:00,Retinal Image,77.5,ACCEPTABLE,DEV-FUNDUS-01,TECH-07,Pod 4,NORMAL,Normal retinal vascular architecture.
IMG-0348,CASE-0348,2026-08-19T07:58:00,OCT,76.2,ACCEPTABLE,DEV-RETINA-04,TECH-05,Pod 3,ABNORMAL,Focal microaneurysms and cotton wool spots observed in superior arcade.
IMG-0349,CASE-0349,2026-08-27T05:10:00,Slit Lamp,96.0,GOOD,DEV-FUNDUS-01,TECH-09,Pod 2,NORMAL,Normal retinal vascular architecture.
IMG-0349-DUP,CASE-0349,2026-08-27T05:25:00,Slit Lamp,97.7,GOOD,DEV-OCT-02,TECH-06,Pod 3,NORMAL,Repeat acquisition for Slit Lamp confirmation.
IMG-0350,CASE-0350,2026-07-26T10:24:00,OCT,96.9,GOOD,DEV-FUNDUS-01,TECH-06,Pod 3,ABNORMAL,Focal microaneurysms and cotton wool spots observed in superior arcade.
IMG-0350-DUP,CASE-0350,2026-07-26T10:39:00,OCT,100.9,GOOD,DEV-FUNDUS-01,TECH-12,Pod 4,ABNORMAL,Repeat acquisition for OCT confirmation.
IMG-0351,CASE-0351,2026-08-22T01:42:00,Fundus,77.1,ACCEPTABLE,DEV-RETINA-04,TECH-02,Pod 4,NORMAL,Normal retinal vascular architecture.
IMG-0352,CASE-0352,2026-07-28T07:22:00,Fundus,96.6,GOOD,DEV-SLIT-03,TECH-05,Pod 3,ABNORMAL,Focal microaneurysms and cotton wool spots observed in superior arcade.
IMG-0353,CASE-0353,2026-07-27T06:57:00,Retinal Image,97.5,GOOD,DEV-SLIT-03,TECH-09,Pod 2,NORMAL,Normal retinal vascular architecture.
IMG-0354,CASE-0354,2026-08-05T10:00:00,Retinal Image,75.6,ACCEPTABLE,DEV-RETINA-04,TECH-11,Pod 3,ABNORMAL,Focal microaneurysms and cotton wool spots observed in superior arcade.
IMG-0355,CASE-0355,2026-07-25T11:11:00,Retinal Image,77.3,ACCEPTABLE,DEV-RETINA-04,TECH-02,Pod 4,ABNORMAL,Focal microaneurysms and cotton wool spots observed in superior arcade.
IMG-0356,CASE-0356,2026-08-13T12:46:00,Fundus,78.6,ACCEPTABLE,DEV-FUNDUS-01,TECH-04,Pod 1,ABNORMAL,Focal microaneurysms and cotton wool spots observed in superior arcade.
IMG-0357,CASE-0357,2026-08-20T09:58:00,OCT,79.6,ACCEPTABLE,DEV-SLIT-03,TECH-07,Pod 1,ABNORMAL,Focal microaneurysms and cotton wool spots observed in superior arcade.
IMG-0358,CASE-0358,2026-07-16T07:35:00,Fundus,92.0,GOOD,DEV-RETINA-04,TECH-03,Pod 1,NORMAL,"Fundus examination shows sharp optic disc margins, clear macula, and normal vascular caliber."
IMG-0359,CASE-0359,2026-08-05T09:49:00,Fundus,92.0,GOOD,DEV-SLIT-03,TECH-12,Pod 1,NORMAL,"Fundus examination shows sharp optic disc margins, clear macula, and normal vascular caliber."
IMG-0360,CASE-0360,2026-08-26T03:59:00,OCT,76.1,ACCEPTABLE,DEV-FUNDUS-01,TECH-05,Pod 4,NORMAL,Normal retinal vascular architecture.
IMG-0361,CASE-0361,2026-08-07T09:33:00,Slit Lamp,81.3,ACCEPTABLE,DEV-RETINA-04,TECH-02,Pod 3,ABNORMAL,Focal microaneurysms and cotton wool spots observed in superior arcade.
IMG-0362,CASE-0362,2026-07-19T03:53:00,Slit Lamp,95.3,GOOD,DEV-FUNDUS-01,TECH-05,Pod 1,NORMAL,Normal retinal vascular architecture.
IMG-0363,CASE-0363,2026-07-30T02:54:00,Slit Lamp,92.6,GOOD,DEV-SLIT-03,TECH-09,Pod 2,ABNORMAL,Focal microaneurysms and cotton wool spots observed in superior arcade.
IMG-0364,CASE-0364,2026-08-01T08:51:00,OCT,96.1,GOOD,DEV-RETINA-04,TECH-14,Pod 2,NORMAL,Normal retinal vascular architecture.
IMG-0365,CASE-0365,2026-08-03T08:09:00,Retinal Image,79.9,ACCEPTABLE,DEV-RETINA-04,TECH-09,Pod 3,NORMAL,Normal retinal vascular architecture.
IMG-0365-DUP,CASE-0365,2026-08-03T08:24:00,Retinal Image,77.6,ACCEPTABLE,DEV-FUNDUS-01,TECH-01,Pod 4,NORMAL,Repeat acquisition for Retinal Image confirmation.
IMG-0366,CASE-0366,2026-08-25T08:36:00,Retinal Image,84.0,ACCEPTABLE,DEV-SLIT-03,TECH-08,Pod 2,NORMAL,Normal retinal vascular architecture.
IMG-0367,CASE-0367,2026-07-31T03:03:00,OCT,97.1,GOOD,DEV-RETINA-04,TECH-06,Pod 1,ABNORMAL,Focal microaneurysms and cotton wool spots observed in superior arcade.
IMG-0368,CASE-0368,2026-07-27T07:39:00,Retinal Image,91.9,GOOD,DEV-SLIT-03,TECH-11,Pod 4,ABNORMAL,Focal microaneurysms and cotton wool spots observed in superior arcade.
IMG-0369,CASE-0369,2026-08-23T08:13:00,Fundus,47.2,LOW_QUALITY,DEV-RETINA-04,TECH-09,Pod 2,INCONCLUSIVE,Poor contrast due to dense cataract / media opacity; foveal reflex unidentifiable.
IMG-0370,CASE-0370,2026-08-05T05:37:00,Slit Lamp,89.3,GOOD,DEV-SLIT-03,TECH-08,Pod 3,ABNORMAL,Focal microaneurysms and cotton wool spots observed in superior arcade.
IMG-0370-DUP,CASE-0370,2026-08-05T05:52:00,Slit Lamp,87.2,GOOD,DEV-RETINA-04,TECH-01,Pod 2,ABNORMAL,Repeat acquisition for Slit Lamp confirmation.
IMG-0371,CASE-0371,2026-08-14T04:59:00,Fundus,81.7,ACCEPTABLE,DEV-SLIT-03,TECH-04,Pod 4,NORMAL,Normal retinal vascular architecture.
IMG-0372,CASE-0372,2026-08-24T10:22:00,OCT,83.6,ACCEPTABLE,DEV-RETINA-04,TECH-02,Pod 2,ABNORMAL,Focal microaneurysms and cotton wool spots observed in superior arcade.
IMG-0373,CASE-0373,2026-08-31T06:02:00,Retinal Image,77.9,ACCEPTABLE,DEV-RETINA-04,TECH-13,Pod 4,ABNORMAL,Focal microaneurysms and cotton wool spots observed in superior arcade.
IMG-0374,CASE-0374,2026-07-30T09:29:00,Retinal Image,89.3,GOOD,DEV-FUNDUS-01,TECH-01,Pod 2,NORMAL,Normal retinal vascular architecture.
IMG-0375,CASE-0375,2026-08-17T03:03:00,OCT,86.8,GOOD,DEV-OCT-02,TECH-08,Pod 4,ABNORMAL,Focal microaneurysms and cotton wool spots observed in superior arcade.
IMG-0376,CASE-0376,2026-07-19T11:35:00,Slit Lamp,75.8,ACCEPTABLE,DEV-RETINA-04,TECH-01,Pod 3,ABNORMAL,Focal microaneurysms and cotton wool spots observed in superior arcade.
IMG-0377,CASE-0377,2026-08-08T03:17:00,Slit Lamp,96.2,GOOD,DEV-RETINA-04,TECH-07,Pod 4,NORMAL,Normal retinal vascular architecture.
IMG-0378,CASE-0378,2026-08-26T05:47:00,Fundus,76.4,ACCEPTABLE,DEV-FUNDUS-01,TECH-14,Pod 1,NORMAL,Normal retinal vascular architecture.
IMG-0379,CASE-0379,2026-07-23T01:39:00,Retinal Image,93.7,GOOD,DEV-OCT-02,TECH-02,Pod 1,ABNORMAL,Focal microaneurysms and cotton wool spots observed in superior arcade.
IMG-0380,CASE-0380,2026-07-20T02:37:00,Retinal Image,92.0,GOOD,DEV-RETINA-04,TECH-11,Pod 4,NORMAL,"Fundus examination shows sharp optic disc margins, clear macula, and normal vascular caliber."
IMG-0381,CASE-0381,2026-07-29T06:21:00,Fundus,87.3,GOOD,DEV-SLIT-03,TECH-07,Pod 1,NORMAL,Normal retinal vascular architecture.
IMG-0382,CASE-0382,2026-07-21T10:24:00,Retinal Image,96.8,GOOD,DEV-FUNDUS-01,TECH-02,Pod 1,NORMAL,Normal retinal vascular architecture.
IMG-0383,CASE-0383,2026-07-16T13:04:00,OCT,77.7,ACCEPTABLE,DEV-SLIT-03,TECH-06,Pod 2,NORMAL,Normal retinal vascular architecture.
IMG-0384,CASE-0384,2026-08-21T06:06:00,Fundus,80.8,ACCEPTABLE,DEV-RETINA-04,TECH-12,Pod 3,NORMAL,Normal retinal vascular architecture.
IMG-0385,CASE-0385,2026-08-15T07:37:00,Fundus,79.7,ACCEPTABLE,DEV-OCT-02,TECH-05,Pod 2,NORMAL,Normal retinal vascular architecture.
IMG-0386,CASE-0386,2026-07-26T07:09:00,Retinal Image,92.0,GOOD,DEV-FUNDUS-01,TECH-04,Pod 2,NORMAL,"Fundus examination shows sharp optic disc margins, clear macula, and normal vascular caliber."
IMG-0387,CASE-0387,2026-08-19T12:17:00,Retinal Image,84.7,ACCEPTABLE,DEV-SLIT-03,TECH-03,Pod 4,ABNORMAL,Focal microaneurysms and cotton wool spots observed in superior arcade.
IMG-0388,CASE-0388,2026-08-15T06:58:00,Retinal Image,85.6,GOOD,DEV-RETINA-04,TECH-01,Pod 3,NORMAL,Normal retinal vascular architecture.
IMG-0389,CASE-0389,2026-08-16T06:02:00,Fundus,40.1,LOW_QUALITY,DEV-OCT-02,TECH-11,Pod 4,INCONCLUSIVE,Poor contrast due to dense cataract / media opacity; foveal reflex unidentifiable.
IMG-0390,CASE-0390,2026-07-25T09:18:00,Slit Lamp,94.1,GOOD,DEV-FUNDUS-01,TECH-11,Pod 4,ABNORMAL,Focal microaneurysms and cotton wool spots observed in superior arcade.
IMG-0391,CASE-0391,2026-08-14T09:19:00,Retinal Image,44.1,LOW_QUALITY,DEV-FUNDUS-01,TECH-11,Pod 2,INCONCLUSIVE,Poor contrast due to dense cataract / media opacity; foveal reflex unidentifiable.
IMG-0392,CASE-0392,2026-07-21T02:52:00,OCT,93.4,GOOD,DEV-OCT-02,TECH-08,Pod 3,ABNORMAL,Focal microaneurysms and cotton wool spots observed in superior arcade.
IMG-0393,CASE-0393,2026-08-06T08:46:00,Slit Lamp,82.2,ACCEPTABLE,DEV-RETINA-04,TECH-09,Pod 2,NORMAL,Normal retinal vascular architecture.
IMG-0394,CASE-0394,2026-08-24T02:27:00,Fundus,82.7,ACCEPTABLE,DEV-SLIT-03,TECH-10,Pod 1,ABNORMAL,Focal microaneurysms and cotton wool spots observed in superior arcade.
IMG-0395,CASE-0395,2026-07-15T04:49:00,Retinal Image,82.4,ACCEPTABLE,DEV-SLIT-03,TECH-13,Pod 1,NORMAL,Normal retinal vascular architecture.
IMG-0396,CASE-0396,2026-07-16T08:54:00,Retinal Image,85.1,GOOD,DEV-SLIT-03,TECH-05,Pod 1,ABNORMAL,Focal microaneurysms and cotton wool spots observed in superior arcade.
IMG-0397,CASE-0397,2026-08-31T06:58:00,Fundus,85.2,GOOD,DEV-SLIT-03,TECH-02,Pod 2,NORMAL,Normal retinal vascular architecture.
IMG-0398,CASE-0398,2026-07-18T04:58:00,OCT,81.1,ACCEPTABLE,DEV-OCT-02,TECH-12,Pod 4,NORMAL,Normal retinal vascular architecture.
IMG-0399,CASE-0399,2026-08-16T02:54:00,Slit Lamp,90.4,GOOD,DEV-RETINA-04,TECH-10,Pod 3,NORMAL,Normal retinal vascular architecture.
IMG-0400,CASE-0400,2026-07-21T09:00:00,Slit Lamp,86.7,GOOD,DEV-RETINA-04,TECH-01,Pod 3,ABNORMAL,Focal microaneurysms and cotton wool spots observed in superior arcade.
IMG-0401,CASE-0401,2026-08-18T02:16:00,Fundus,96.9,GOOD,DEV-RETINA-04,TECH-02,Pod 3,NORMAL,Normal retinal vascular architecture.
IMG-0402,CASE-0402,2026-07-29T04:09:00,Fundus,94.4,GOOD,DEV-FUNDUS-01,TECH-09,Pod 4,ABNORMAL,Focal microaneurysms and cotton wool spots observed in superior arcade.
IMG-0403,CASE-0403,2026-08-24T08:10:00,Fundus,92.1,GOOD,DEV-OCT-02,TECH-02,Pod 4,NORMAL,Normal retinal vascular architecture.
IMG-0404,CASE-0404,2026-08-05T10:14:00,Fundus,97.8,GOOD,DEV-SLIT-03,TECH-13,Pod 1,ABNORMAL,Focal microaneurysms and cotton wool spots observed in superior arcade.
IMG-0405,CASE-0405,2026-07-23T12:37:00,Retinal Image,87.0,GOOD,DEV-OCT-02,TECH-01,Pod 4,ABNORMAL,Focal microaneurysms and cotton wool spots observed in superior arcade.
IMG-0406,CASE-0406,2026-07-22T07:44:00,OCT,87.0,GOOD,DEV-OCT-02,TECH-08,Pod 1,NORMAL,Normal retinal vascular architecture.
IMG-0406-DUP,CASE-0406,2026-07-22T07:59:00,OCT,86.2,GOOD,DEV-OCT-02,TECH-11,Pod 4,NORMAL,Repeat acquisition for OCT confirmation.
IMG-0407,CASE-0407,2026-07-30T06:58:00,Slit Lamp,85.9,GOOD,DEV-SLIT-03,TECH-12,Pod 2,NORMAL,Normal retinal vascular architecture.
IMG-0408,CASE-0408,2026-07-29T04:05:00,Fundus,46.3,LOW_QUALITY,DEV-SLIT-03,TECH-05,Pod 4,INCONCLUSIVE,Poor contrast due to dense cataract / media opacity; foveal reflex unidentifiable.
IMG-0409,CASE-0409,2026-08-15T10:24:00,Slit Lamp,97.2,GOOD,DEV-RETINA-04,TECH-04,Pod 2,ABNORMAL,Focal microaneurysms and cotton wool spots observed in superior arcade.
IMG-0409-DUP,CASE-0409,2026-08-15T10:39:00,Slit Lamp,94.5,GOOD,DEV-OCT-02,TECH-02,Pod 2,ABNORMAL,Repeat acquisition for Slit Lamp confirmation.
IMG-0410,CASE-0410,2026-07-15T11:22:00,Fundus,95.3,GOOD,DEV-OCT-02,TECH-11,Pod 3,ABNORMAL,Focal microaneurysms and cotton wool spots observed in superior arcade.
IMG-0411,CASE-0411,2026-08-10T04:03:00,Retinal Image,92.0,GOOD,DEV-SLIT-03,TECH-09,Pod 2,NORMAL,"Fundus examination shows sharp optic disc margins, clear macula, and normal vascular caliber."
IMG-0411-DUP,CASE-0411,2026-08-10T04:18:00,Retinal Image,90.1,GOOD,DEV-FUNDUS-01,TECH-06,Pod 3,NORMAL,Repeat acquisition for Retinal Image confirmation.
IMG-0412,CASE-0412,2026-08-15T09:30:00,Slit Lamp,25.7,LOW_QUALITY,DEV-OCT-02,TECH-12,Pod 2,INCONCLUSIVE,Poor contrast due to dense cataract / media opacity; foveal reflex unidentifiable.
IMG-0413,CASE-0413,2026-07-16T12:46:00,Fundus,79.4,ACCEPTABLE,DEV-OCT-02,TECH-12,Pod 3,ABNORMAL,Focal microaneurysms and cotton wool spots observed in superior arcade.
IMG-0414,CASE-0414,2026-08-13T08:34:00,Fundus,96.1,GOOD,DEV-FUNDUS-01,TECH-03,Pod 3,NORMAL,Normal retinal vascular architecture.
IMG-0415,CASE-0415,2026-07-18T07:04:00,Slit Lamp,31.0,LOW_QUALITY,DEV-RETINA-04,TECH-05,Pod 1,INCONCLUSIVE,Poor contrast due to dense cataract / media opacity; foveal reflex unidentifiable.
IMG-0416,CASE-0416,2026-07-27T08:25:00,OCT,80.9,ACCEPTABLE,DEV-FUNDUS-01,TECH-02,Pod 2,NORMAL,Normal retinal vascular architecture.
IMG-0417,CASE-0417,2026-08-06T03:44:00,Retinal Image,93.6,GOOD,DEV-RETINA-04,TECH-12,Pod 4,NORMAL,Normal retinal vascular architecture.
IMG-0418,CASE-0418,2026-08-06T05:53:00,OCT,96.9,GOOD,DEV-OCT-02,TECH-03,Pod 3,NORMAL,Normal retinal vascular architecture.
IMG-0419,CASE-0419,2026-09-01T10:57:00,OCT,28.5,LOW_QUALITY,DEV-SLIT-03,TECH-01,Pod 4,INCONCLUSIVE,Poor contrast due to dense cataract / media opacity; foveal reflex unidentifiable.
IMG-0420,CASE-0420,2026-08-12T11:16:00,Fundus,92.0,GOOD,DEV-OCT-02,TECH-10,Pod 2,NORMAL,"Fundus examination shows sharp optic disc margins, clear macula, and normal vascular caliber."
IMG-0421,CASE-0421,2026-08-20T11:09:00,Slit Lamp,92.0,GOOD,DEV-RETINA-04,TECH-11,Pod 4,NORMAL,"Fundus examination shows sharp optic disc margins, clear macula, and normal vascular caliber."
IMG-0421-DUP,CASE-0421,2026-08-20T11:24:00,Slit Lamp,96.6,GOOD,DEV-RETINA-04,TECH-03,Pod 2,NORMAL,Repeat acquisition for Slit Lamp confirmation.
IMG-0422,CASE-0422,2026-09-01T11:11:00,Fundus,82.0,ACCEPTABLE,DEV-FUNDUS-01,TECH-10,Pod 4,NORMAL,Normal retinal vascular architecture.
IMG-0423,CASE-0423,2026-07-20T12:22:00,Fundus,85.7,GOOD,DEV-RETINA-04,TECH-08,Pod 3,NORMAL,Normal retinal vascular architecture.
IMG-0423-DUP,CASE-0423,2026-07-20T12:37:00,Fundus,86.7,GOOD,DEV-SLIT-03,TECH-05,Pod 4,NORMAL,Repeat acquisition for Fundus confirmation.
IMG-0424,CASE-0424,2026-08-10T11:10:00,Retinal Image,84.9,ACCEPTABLE,DEV-RETINA-04,TECH-12,Pod 2,NORMAL,Normal retinal vascular architecture.
IMG-0425,CASE-0425,2026-07-23T06:04:00,Fundus,93.3,GOOD,DEV-SLIT-03,TECH-10,Pod 2,NORMAL,Normal retinal vascular architecture.
IMG-0426,CASE-0426,2026-08-15T11:44:00,OCT,80.2,ACCEPTABLE,DEV-OCT-02,TECH-02,Pod 3,ABNORMAL,Focal microaneurysms and cotton wool spots observed in superior arcade.
IMG-0427,CASE-0427,2026-09-01T06:17:00,OCT,90.5,GOOD,DEV-FUNDUS-01,TECH-11,Pod 1,NORMAL,Normal retinal vascular architecture.
IMG-0428,CASE-0428,2026-08-31T07:43:00,Retinal Image,97.8,GOOD,DEV-OCT-02,TECH-07,Pod 1,NORMAL,Normal retinal vascular architecture.
IMG-0429,CASE-0429,2026-08-10T09:10:00,Retinal Image,80.2,ACCEPTABLE,DEV-RETINA-04,TECH-05,Pod 4,NORMAL,Normal retinal vascular architecture.
IMG-0430,CASE-0430,2026-08-06T07:02:00,Retinal Image,96.7,GOOD,DEV-OCT-02,TECH-03,Pod 4,NORMAL,Normal retinal vascular architecture.
IMG-0431,CASE-0431,2026-08-14T09:18:00,Retinal Image,36.5,LOW_QUALITY,DEV-FUNDUS-01,TECH-13,Pod 3,INCONCLUSIVE,Poor contrast due to dense cataract / media opacity; foveal reflex unidentifiable.
IMG-0432,CASE-0432,2026-07-18T04:22:00,Fundus,83.4,ACCEPTABLE,DEV-RETINA-04,TECH-07,Pod 1,ABNORMAL,Focal microaneurysms and cotton wool spots observed in superior arcade.
IMG-0433,CASE-0433,2026-07-19T11:51:00,Slit Lamp,88.7,GOOD,DEV-OCT-02,TECH-09,Pod 3,ABNORMAL,Focal microaneurysms and cotton wool spots observed in superior arcade.
IMG-0433-DUP,CASE-0433,2026-07-19T12:06:00,Slit Lamp,92.5,GOOD,DEV-SLIT-03,TECH-12,Pod 3,ABNORMAL,Repeat acquisition for Slit Lamp confirmation.
IMG-0434,CASE-0434,2026-08-23T02:23:00,Fundus,81.0,ACCEPTABLE,DEV-RETINA-04,TECH-08,Pod 2,ABNORMAL,Focal microaneurysms and cotton wool spots observed in superior arcade.
IMG-0435,CASE-0435,2026-08-28T05:02:00,Slit Lamp,86.5,GOOD,DEV-FUNDUS-01,TECH-14,Pod 2,NORMAL,Normal retinal vascular architecture.
IMG-0436,CASE-0436,2026-07-27T05:00:00,Fundus,97.5,GOOD,DEV-SLIT-03,TECH-02,Pod 2,NORMAL,Normal retinal vascular architecture.
IMG-0437,CASE-0437,2026-08-04T11:41:00,Retinal Image,92.9,GOOD,DEV-RETINA-04,TECH-01,Pod 3,NORMAL,Normal retinal vascular architecture.
IMG-0438,CASE-0438,2026-08-25T10:52:00,Fundus,46.3,LOW_QUALITY,DEV-RETINA-04,TECH-06,Pod 2,INCONCLUSIVE,Poor contrast due to dense cataract / media opacity; foveal reflex unidentifiable.
IMG-0439,CASE-0439,2026-08-12T11:30:00,Retinal Image,92.9,GOOD,DEV-SLIT-03,TECH-08,Pod 3,NORMAL,Normal retinal vascular architecture.
IMG-0440,CASE-0440,2026-08-24T04:16:00,Slit Lamp,84.8,ACCEPTABLE,DEV-OCT-02,TECH-13,Pod 2,NORMAL,Normal retinal vascular architecture.
IMG-0441,CASE-0441,2026-07-25T03:58:00,Fundus,85.9,GOOD,DEV-FUNDUS-01,TECH-06,Pod 4,ABNORMAL,Focal microaneurysms and cotton wool spots observed in superior arcade.
IMG-0442,CASE-0442,2026-08-14T12:25:00,OCT,85.6,GOOD,DEV-SLIT-03,TECH-05,Pod 1,NORMAL,Normal retinal vascular architecture.
IMG-0443,CASE-0443,2026-08-01T06:02:00,OCT,93.4,GOOD,DEV-FUNDUS-01,TECH-10,Pod 4,ABNORMAL,Focal microaneurysms and cotton wool spots observed in superior arcade.
IMG-0444,CASE-0444,2026-08-28T10:24:00,Retinal Image,88.2,GOOD,DEV-RETINA-04,TECH-01,Pod 1,NORMAL,Normal retinal vascular architecture.
IMG-0445,CASE-0445,2026-08-23T08:19:00,Slit Lamp,97.0,GOOD,DEV-SLIT-03,TECH-04,Pod 2,NORMAL,Normal retinal vascular architecture.
IMG-0446,CASE-0446,2026-07-16T06:45:00,OCT,36.7,LOW_QUALITY,DEV-FUNDUS-01,TECH-03,Pod 2,INCONCLUSIVE,Poor contrast due to dense cataract / media opacity; foveal reflex unidentifiable.
IMG-0447,CASE-0447,2026-09-01T03:40:00,Slit Lamp,92.0,GOOD,DEV-OCT-02,TECH-12,Pod 1,NORMAL,"Fundus examination shows sharp optic disc margins, clear macula, and normal vascular caliber."
IMG-0448,CASE-0448,2026-09-01T09:54:00,Retinal Image,93.9,GOOD,DEV-OCT-02,TECH-09,Pod 2,NORMAL,Normal retinal vascular architecture.
IMG-0449,CASE-0449,2026-07-23T07:08:00,OCT,96.0,GOOD,DEV-RETINA-04,TECH-13,Pod 2,NORMAL,Normal retinal vascular architecture.
IMG-0450,CASE-0450,2026-07-23T10:15:00,Retinal Image,92.2,GOOD,DEV-OCT-02,TECH-03,Pod 2,ABNORMAL,Focal microaneurysms and cotton wool spots observed in superior arcade.
IMG-0451,CASE-0451,2026-07-17T07:20:00,Fundus,92.2,GOOD,DEV-FUNDUS-01,TECH-13,Pod 2,ABNORMAL,Focal microaneurysms and cotton wool spots observed in superior arcade.
IMG-0452,CASE-0452,2026-07-23T03:11:00,Slit Lamp,82.8,ACCEPTABLE,DEV-SLIT-03,TECH-06,Pod 4,ABNORMAL,Focal microaneurysms and cotton wool spots observed in superior arcade.
IMG-0453,CASE-0453,2026-08-26T10:10:00,Fundus,97.2,GOOD,DEV-OCT-02,TECH-07,Pod 2,ABNORMAL,Focal microaneurysms and cotton wool spots observed in superior arcade.
IMG-0454,CASE-0454,2026-07-23T04:08:00,Retinal Image,95.7,GOOD,DEV-RETINA-04,TECH-08,Pod 3,ABNORMAL,Focal microaneurysms and cotton wool spots observed in superior arcade.
IMG-0455,CASE-0455,2026-08-24T08:49:00,Slit Lamp,76.6,ACCEPTABLE,DEV-SLIT-03,TECH-03,Pod 4,ABNORMAL,Focal microaneurysms and cotton wool spots observed in superior arcade.
IMG-0456,CASE-0456,2026-07-25T03:11:00,Slit Lamp,96.8,GOOD,DEV-SLIT-03,TECH-02,Pod 4,NORMAL,Normal retinal vascular architecture.
IMG-0457,CASE-0457,2026-08-26T07:16:00,Fundus,77.3,ACCEPTABLE,DEV-OCT-02,TECH-10,Pod 4,ABNORMAL,Focal microaneurysms and cotton wool spots observed in superior arcade.
IMG-0458,CASE-0458,2026-07-15T10:10:00,Fundus,96.6,GOOD,DEV-RETINA-04,TECH-11,Pod 1,ABNORMAL,Focal microaneurysms and cotton wool spots observed in superior arcade.
IMG-0459,CASE-0459,2026-08-17T07:11:00,Slit Lamp,92.0,GOOD,DEV-OCT-02,TECH-14,Pod 4,ABNORMAL,Focal microaneurysms and cotton wool spots observed in superior arcade.
IMG-0460,CASE-0460,2026-07-23T09:26:00,OCT,92.0,GOOD,DEV-SLIT-03,TECH-01,Pod 1,NORMAL,"Fundus examination shows sharp optic disc margins, clear macula, and normal vascular caliber."
IMG-0461,CASE-0461,2026-08-27T03:12:00,Slit Lamp,89.1,GOOD,DEV-SLIT-03,TECH-04,Pod 4,ABNORMAL,Focal microaneurysms and cotton wool spots observed in superior arcade.
IMG-0462,CASE-0462,2026-08-17T10:36:00,OCT,94.5,GOOD,DEV-RETINA-04,TECH-12,Pod 3,NORMAL,Normal retinal vascular architecture.
IMG-0463,CASE-0463,2026-07-19T09:48:00,Slit Lamp,77.4,ACCEPTABLE,DEV-OCT-02,TECH-12,Pod 3,ABNORMAL,Focal microaneurysms and cotton wool spots observed in superior arcade.
IMG-0464,CASE-0464,2026-07-28T11:43:00,Slit Lamp,96.8,GOOD,DEV-RETINA-04,TECH-07,Pod 2,ABNORMAL,Focal microaneurysms and cotton wool spots observed in superior arcade.
IMG-0465,CASE-0465,2026-07-24T10:31:00,OCT,97.5,GOOD,DEV-OCT-02,TECH-14,Pod 2,ABNORMAL,Focal microaneurysms and cotton wool spots observed in superior arcade.
IMG-0465-DUP,CASE-0465,2026-07-24T10:46:00,OCT,101.8,GOOD,DEV-FUNDUS-01,TECH-06,Pod 1,ABNORMAL,Repeat acquisition for OCT confirmation.
IMG-0466,CASE-0466,2026-08-01T09:14:00,Retinal Image,92.0,GOOD,DEV-FUNDUS-01,TECH-09,Pod 3,NORMAL,"Fundus examination shows sharp optic disc margins, clear macula, and normal vascular caliber."
IMG-0466-DUP,CASE-0466,2026-08-01T09:29:00,Retinal Image,93.1,GOOD,DEV-FUNDUS-01,TECH-11,Pod 3,NORMAL,Repeat acquisition for Retinal Image confirmation.
IMG-0467,CASE-0467,2026-07-27T05:32:00,Fundus,95.1,GOOD,DEV-SLIT-03,TECH-10,Pod 2,ABNORMAL,Focal microaneurysms and cotton wool spots observed in superior arcade.
IMG-0468,CASE-0468,2026-08-01T09:54:00,Fundus,90.4,GOOD,DEV-OCT-02,TECH-06,Pod 2,NORMAL,Normal retinal vascular architecture.
IMG-0469,CASE-0469,2026-07-22T10:13:00,Retinal Image,76.9,ACCEPTABLE,DEV-FUNDUS-01,TECH-06,Pod 4,NORMAL,Normal retinal vascular architecture.
IMG-0470,CASE-0470,2026-07-16T09:57:00,OCT,36.7,LOW_QUALITY,DEV-FUNDUS-01,TECH-04,Pod 1,INCONCLUSIVE,Poor contrast due to dense cataract / media opacity; foveal reflex unidentifiable.
IMG-0471,CASE-0471,2026-08-14T12:09:00,OCT,78.3,ACCEPTABLE,DEV-SLIT-03,TECH-07,Pod 3,NORMAL,Normal retinal vascular architecture.
IMG-0472,CASE-0472,2026-08-04T07:33:00,Slit Lamp,28.8,LOW_QUALITY,DEV-SLIT-03,TECH-11,Pod 4,INCONCLUSIVE,Poor contrast due to dense cataract / media opacity; foveal reflex unidentifiable.
IMG-0473,CASE-0473,2026-07-30T09:38:00,OCT,85.0,ACCEPTABLE,DEV-OCT-02,TECH-08,Pod 1,NORMAL,Normal retinal vascular architecture.
IMG-0474,CASE-0474,2026-08-16T07:56:00,OCT,92.0,GOOD,DEV-OCT-02,TECH-06,Pod 4,NORMAL,"Fundus examination shows sharp optic disc margins, clear macula, and normal vascular caliber."
IMG-0474-DUP,CASE-0474,2026-08-16T08:11:00,OCT,91.4,GOOD,DEV-OCT-02,TECH-10,Pod 3,NORMAL,Repeat acquisition for OCT confirmation.
IMG-0475,CASE-0475,2026-07-29T10:25:00,Retinal Image,75.1,ACCEPTABLE,DEV-RETINA-04,TECH-13,Pod 1,NORMAL,Normal retinal vascular architecture.
IMG-0476,CASE-0476,2026-07-22T06:26:00,Retinal Image,86.0,GOOD,DEV-RETINA-04,TECH-09,Pod 3,ABNORMAL,Focal microaneurysms and cotton wool spots observed in superior arcade.
IMG-0477,CASE-0477,2026-07-29T10:07:00,Retinal Image,85.7,GOOD,DEV-RETINA-04,TECH-03,Pod 2,NORMAL,Normal retinal vascular architecture.
IMG-0478,CASE-0478,2026-08-19T06:58:00,OCT,80.0,ACCEPTABLE,DEV-OCT-02,TECH-11,Pod 4,NORMAL,Normal retinal vascular architecture.
IMG-0479,CASE-0479,2026-07-16T07:16:00,Fundus,82.6,ACCEPTABLE,DEV-SLIT-03,TECH-04,Pod 2,NORMAL,Normal retinal vascular architecture.
IMG-0480,CASE-0480,2026-08-11T10:56:00,Retinal Image,41.1,LOW_QUALITY,DEV-SLIT-03,TECH-12,Pod 2,INCONCLUSIVE,Poor contrast due to dense cataract / media opacity; foveal reflex unidentifiable.
IMG-0481,CASE-0481,2026-08-04T02:33:00,Slit Lamp,76.6,ACCEPTABLE,DEV-SLIT-03,TECH-11,Pod 4,NORMAL,Normal retinal vascular architecture.
IMG-0482,CASE-0482,2026-08-09T07:11:00,Slit Lamp,85.3,GOOD,DEV-FUNDUS-01,TECH-05,Pod 4,NORMAL,Normal retinal vascular architecture.
IMG-0483,CASE-0483,2026-08-30T08:41:00,OCT,96.7,GOOD,DEV-OCT-02,TECH-08,Pod 3,ABNORMAL,Focal microaneurysms and cotton wool spots observed in superior arcade.
IMG-0484,CASE-0484,2026-08-23T02:52:00,Fundus,78.6,ACCEPTABLE,DEV-RETINA-04,TECH-11,Pod 3,NORMAL,Normal retinal vascular architecture.
IMG-0485,CASE-0485,2026-07-18T12:18:00,OCT,85.8,GOOD,DEV-FUNDUS-01,TECH-08,Pod 2,ABNORMAL,Focal microaneurysms and cotton wool spots observed in superior arcade.
IMG-0486,CASE-0486,2026-07-26T06:59:00,Fundus,90.1,GOOD,DEV-SLIT-03,TECH-05,Pod 2,ABNORMAL,Focal microaneurysms and cotton wool spots observed in superior arcade.
IMG-0486-DUP,CASE-0486,2026-07-26T07:14:00,Fundus,85.7,GOOD,DEV-SLIT-03,TECH-12,Pod 1,ABNORMAL,Repeat acquisition for Fundus confirmation.
IMG-0487,CASE-0487,2026-07-20T11:47:00,Retinal Image,82.2,ACCEPTABLE,DEV-OCT-02,TECH-04,Pod 2,ABNORMAL,Focal microaneurysms and cotton wool spots observed in superior arcade.
IMG-0487-DUP,CASE-0487,2026-07-20T12:02:00,Retinal Image,80.7,ACCEPTABLE,DEV-RETINA-04,TECH-08,Pod 3,ABNORMAL,Repeat acquisition for Retinal Image confirmation.
IMG-0488,CASE-0488,2026-09-01T04:31:00,Slit Lamp,79.5,ACCEPTABLE,DEV-OCT-02,TECH-05,Pod 3,NORMAL,Normal retinal vascular architecture.
IMG-0489,CASE-0489,2026-07-21T12:55:00,Retinal Image,86.3,GOOD,DEV-OCT-02,TECH-06,Pod 3,ABNORMAL,Focal microaneurysms and cotton wool spots observed in superior arcade.
IMG-0490,CASE-0490,2026-08-04T07:55:00,Slit Lamp,88.3,GOOD,DEV-OCT-02,TECH-03,Pod 3,NORMAL,Normal retinal vascular architecture.
IMG-0491,CASE-0491,2026-08-01T04:35:00,Slit Lamp,94.5,GOOD,DEV-OCT-02,TECH-04,Pod 1,NORMAL,Normal retinal vascular architecture.
IMG-0492,CASE-0492,2026-08-29T06:50:00,Slit Lamp,79.7,ACCEPTABLE,DEV-FUNDUS-01,TECH-11,Pod 4,NORMAL,Normal retinal vascular architecture.
IMG-0492-DUP,CASE-0492,2026-08-29T07:05:00,Slit Lamp,79.3,ACCEPTABLE,DEV-OCT-02,TECH-08,Pod 4,NORMAL,Repeat acquisition for Slit Lamp confirmation.
IMG-0493,CASE-0493,2026-08-03T09:17:00,OCT,82.3,ACCEPTABLE,DEV-FUNDUS-01,TECH-11,Pod 4,ABNORMAL,Focal microaneurysms and cotton wool spots observed in superior arcade.
IMG-0494,CASE-0494,2026-07-15T02:08:00,OCT,96.6,GOOD,DEV-SLIT-03,TECH-06,Pod 3,NORMAL,Normal retinal vascular architecture.
IMG-0495,CASE-0495,2026-07-28T09:27:00,Fundus,89.8,GOOD,DEV-FUNDUS-01,TECH-11,Pod 2,NORMAL,Normal retinal vascular architecture.
IMG-0496,CASE-0496,2026-07-21T06:29:00,Slit Lamp,91.1,GOOD,DEV-SLIT-03,TECH-09,Pod 2,NORMAL,Normal retinal vascular architecture.
IMG-0497,CASE-0497,2026-08-08T10:18:00,Slit Lamp,35.4,LOW_QUALITY,DEV-RETINA-04,TECH-10,Pod 4,INCONCLUSIVE,Poor contrast due to dense cataract / media opacity; foveal reflex unidentifiable.
IMG-0498,CASE-0498,2026-07-26T07:13:00,Fundus,82.1,ACCEPTABLE,DEV-OCT-02,TECH-14,Pod 3,NORMAL,Normal retinal vascular architecture.
IMG-0499,CASE-0499,2026-09-01T10:31:00,Fundus,83.5,ACCEPTABLE,DEV-RETINA-04,TECH-12,Pod 3,NORMAL,Normal retinal vascular architecture.
IMG-0499-DUP,CASE-0499,2026-09-01T10:46:00,Fundus,82.7,ACCEPTABLE,DEV-FUNDUS-01,TECH-05,Pod 1,NORMAL,Repeat acquisition for Fundus confirmation.
IMG-0500,CASE-0500,2026-09-01T09:08:00,OCT,76.5,ACCEPTABLE,DEV-FUNDUS-01,TECH-01,Pod 4,ABNORMAL,Focal microaneurysms and cotton wool spots observed in superior arcade.
