specimen_id,case_id,collection_time,collection_site,transport_time,received_time,processing_status,linked_pathology_id,linked_molecular_id
SPEC-0001,CASE-0001,2026-09-01T13:58:00,Left Epithelial Scraping,2026-09-01T16:58:00,2026-09-01T20:58:00,PROCESSED,PATH-0001,MOL-0001
SPEC-0002,CASE-0002,2026-08-31T07:38:00,Right Anterior Chamber Micro-aspirate,2026-08-31T10:38:00,2026-08-31T15:38:00,PROCESSED,PATH-0002,
SPEC-0003,CASE-0003,2026-08-31T08:14:00,Left Tear Film,2026-08-31T10:14:00,2026-08-31T19:14:00,PROCESSED,PATH-0003,MOL-0003
SPEC-0004,CASE-0004,2026-07-20T07:42:00,Left Tear Film,2026-07-20T10:42:00,2026-07-20T21:42:00,PROCESSED,PATH-0004,MOL-0004
SPEC-0005,CASE-0005,2026-08-31T07:54:00,Right Tear Film,2026-08-31T09:54:00,2026-08-31T21:54:00,PROCESSED,PATH-0005,MOL-0005
SPEC-0006,CASE-0006,2026-08-31T10:41:00,Left Epithelial Scraping,2026-08-31T12:41:00,2026-08-31T20:41:00,LOST_LINKAGE,,
SPEC-0007,CASE-0007,2026-08-09T09:44:00,Right Tear Film,2026-08-09T12:44:00,2026-08-09T23:44:00,PROCESSED,PATH-0007,MOL-0007
SPEC-0008,CASE-0008,2026-08-30T07:55:00,Right Anterior Chamber Micro-aspirate,2026-08-30T09:55:00,2026-08-30T19:55:00,PROCESSED,PATH-0008,MOL-0008
SPEC-0009,CASE-0009,2026-08-24T07:48:00,Right Anterior Chamber Micro-aspirate,2026-08-24T09:48:00,2026-08-24T17:48:00,LOST_LINKAGE,,
SPEC-0010,CASE-0010,2026-08-14T05:15:00,Left Tear Film,2026-08-14T06:15:00,2026-08-14T11:15:00,PROCESSED,PATH-0010,MOL-0010
SPEC-0011,CASE-0011,2026-07-21T06:44:00,Left Tear Film,2026-07-21T08:44:00,2026-07-21T13:44:00,PROCESSED,PATH-0011,MOL-0011
SPEC-0012,CASE-0012,2026-08-26T08:43:00,Left Tear Film,2026-08-26T09:43:00,2026-08-26T18:43:00,PROCESSED,PATH-0012,MOL-0012
SPEC-0013,CASE-0013,2026-08-25T09:03:00,Right Anterior Chamber Micro-aspirate,2026-08-25T11:03:00,2026-08-25T23:03:00,PROCESSED,PATH-0013,MOL-0013
SPEC-0014,CASE-0014,2026-08-11T05:08:00,Left Tear Film,2026-08-11T06:08:00,2026-08-11T10:08:00,PROCESSED,PATH-0014,MOL-0014
SPEC-0015,CASE-0015,2026-07-22T06:34:00,Right Tear Film,2026-07-22T07:34:00,2026-07-22T15:34:00,PROCESSED,PATH-0015,MOL-0015
SPEC-0016,CASE-0016,2026-08-13T06:40:00,Right Anterior Chamber Micro-aspirate,2026-08-13T09:40:00,2026-08-13T18:40:00,PROCESSED,PATH-0016,MOL-0016
SPEC-0017,CASE-0017,2026-07-23T04:38:00,Left Tear Film,2026-07-23T06:38:00,2026-07-23T16:38:00,PROCESSED,PATH-0017,MOL-0017
SPEC-0018,CASE-0018,2026-08-25T05:51:00,Left Tear Film,2026-08-25T08:51:00,2026-08-25T19:51:00,PROCESSED,PATH-0018,MOL-0018
SPEC-0019,CASE-0019,2026-08-18T08:15:00,Right Tear Film,2026-08-18T10:15:00,2026-08-18T21:15:00,PROCESSED,PATH-0019,MOL-0019
SPEC-0020,CASE-0020,2026-07-25T10:28:00,Left Tear Film,2026-07-25T11:28:00,2026-07-25T22:28:00,PROCESSED,PATH-0020,
SPEC-0021,CASE-0021,2026-08-19T04:39:00,Left Epithelial Scraping,2026-08-19T05:39:00,2026-08-19T09:39:00,PROCESSED,PATH-0021,MOL-0021
SPEC-0022,CASE-0022,2026-08-09T10:21:00,Left Epithelial Scraping,2026-08-09T13:21:00,2026-08-09T18:21:00,PROCESSED,PATH-0022,
SPEC-0023,CASE-0023,2026-08-28T06:18:00,Left Tear Film,2026-08-28T08:18:00,2026-08-28T17:18:00,PROCESSED,PATH-0023,
SPEC-0024,CASE-0024,2026-07-15T04:23:00,Right Anterior Chamber Micro-aspirate,2026-07-15T05:23:00,2026-07-15T12:23:00,PROCESSED,PATH-0024,MOL-0024
SPEC-0025,CASE-0025,2026-08-07T11:40:00,Left Tear Film,2026-08-07T14:40:00,2026-08-07T20:40:00,PROCESSED,PATH-0025,MOL-0025
SPEC-0026,CASE-0026,2026-09-01T04:51:00,Right Tear Film,2026-09-01T06:51:00,2026-09-01T11:51:00,PROCESSED,PATH-0026,MOL-0026
SPEC-0027,CASE-0027,2026-08-25T02:11:00,Bilateral Conjunctival Swab,2026-08-25T03:11:00,2026-08-25T10:11:00,PROCESSED,PATH-0027,MOL-0027
SPEC-0028,CASE-0028,2026-08-22T11:33:00,Right Tear Film,2026-08-22T13:33:00,2026-08-22T19:33:00,PROCESSED,PATH-0028,
SPEC-0029,CASE-0029,2026-07-16T01:01:00,Left Epithelial Scraping,2026-07-16T02:01:00,2026-07-16T09:01:00,PROCESSED,PATH-0029,MOL-0029
SPEC-0030,CASE-0030,2026-08-21T04:32:00,Right Anterior Chamber Micro-aspirate,2026-08-21T07:32:00,2026-08-21T11:32:00,PROCESSED,PATH-0030,MOL-0030
SPEC-0031,CASE-0031,2026-09-01T05:30:00,Right Tear Film,2026-09-01T08:30:00,2026-09-01T19:30:00,PROCESSED,PATH-0031,MOL-0031
SPEC-0032,CASE-0032,2026-07-28T07:54:00,Left Tear Film,2026-07-28T08:54:00,2026-07-28T20:54:00,PROCESSED,PATH-0032,MOL-0032
SPEC-0033,CASE-0033,2026-07-26T06:04:00,Right Anterior Chamber Micro-aspirate,2026-07-26T07:04:00,2026-07-26T16:04:00,PROCESSED,PATH-0033,MOL-0033
SPEC-0034,CASE-0034,2026-07-31T03:38:00,Right Anterior Chamber Micro-aspirate,2026-07-31T06:38:00,2026-07-31T18:38:00,PROCESSED,PATH-0034,MOL-0034
SPEC-0035,CASE-0035,2026-07-15T10:31:00,Right Anterior Chamber Micro-aspirate,2026-07-15T12:31:00,2026-07-15T20:31:00,PROCESSED,PATH-0035,MOL-0035
SPEC-0036,CASE-0036,2026-08-10T03:40:00,Bilateral Conjunctival Swab,2026-08-10T04:40:00,2026-08-10T14:40:00,PROCESSED,PATH-0036,MOL-0036
SPEC-0037,CASE-0037,2026-08-10T09:19:00,Left Tear Film,2026-08-10T12:19:00,2026-08-10T22:19:00,PROCESSED,PATH-0037,MOL-0037
SPEC-0038,CASE-0038,2026-08-28T09:11:00,Left Epithelial Scraping,2026-08-28T11:11:00,2026-08-28T15:11:00,PROCESSED,PATH-0038,MOL-0038
SPEC-0039,CASE-0039,2026-08-30T14:40:00,Right Tear Film,2026-08-30T16:40:00,2026-08-31T00:40:00,PROCESSED,PATH-0039,MOL-0039
SPEC-0040,CASE-0040,2026-07-22T06:56:00,Left Epithelial Scraping,2026-07-22T08:56:00,2026-07-22T14:56:00,PROCESSED,PATH-0040,MOL-0040
SPEC-0041,CASE-0041,2026-08-17T01:39:00,Bilateral Conjunctival Swab,2026-08-17T04:39:00,2026-08-17T16:39:00,PROCESSED,PATH-0041,
SPEC-0042,CASE-0042,2026-08-02T08:32:00,Right Tear Film,2026-08-02T10:32:00,2026-08-02T15:32:00,PROCESSED,PATH-0042,MOL-0042
SPEC-0043,CASE-0043,2026-07-17T13:39:00,Left Epithelial Scraping,2026-07-17T14:39:00,2026-07-18T02:39:00,PROCESSED,PATH-0043,MOL-0043
SPEC-0044,CASE-0044,2026-08-10T13:23:00,Right Tear Film,2026-08-10T16:23:00,2026-08-11T04:23:00,PROCESSED,PATH-0044,MOL-0044
SPEC-0045,CASE-0045,2026-08-23T05:17:00,Right Tear Film,2026-08-23T08:17:00,2026-08-23T13:17:00,PROCESSED,PATH-0045,MOL-0045
SPEC-0046,CASE-0046,2026-08-19T03:52:00,Bilateral Conjunctival Swab,2026-08-19T05:52:00,2026-08-19T13:52:00,PROCESSED,PATH-0046,MOL-0046
SPEC-0047,CASE-0047,2026-07-16T12:32:00,Right Tear Film,2026-07-16T13:32:00,2026-07-16T23:32:00,PROCESSED,PATH-0047,MOL-0047
SPEC-0048,CASE-0048,2026-08-22T10:27:00,Left Tear Film,2026-08-22T13:27:00,2026-08-22T18:27:00,PROCESSED,PATH-0048,MOL-0048
SPEC-0049,CASE-0049,2026-07-22T05:39:00,Right Anterior Chamber Micro-aspirate,2026-07-22T08:39:00,2026-07-22T16:39:00,LOST_LINKAGE,,
SPEC-0050,CASE-0050,2026-08-02T05:50:00,Left Epithelial Scraping,2026-08-02T07:50:00,2026-08-02T16:50:00,PROCESSED,PATH-0050,MOL-0050
SPEC-0051,CASE-0051,2026-07-26T11:01:00,Right Tear Film,2026-07-26T14:01:00,2026-07-26T23:01:00,PROCESSED,PATH-0051,MOL-0051
SPEC-0052,CASE-0052,2026-08-14T12:27:00,Left Tear Film,2026-08-14T13:27:00,2026-08-15T01:27:00,PROCESSED,PATH-0052,MOL-0052
SPEC-0053,CASE-0053,2026-08-08T04:26:00,Left Tear Film,2026-08-08T06:26:00,2026-08-08T18:26:00,PROCESSED,PATH-0053,
SPEC-0054,CASE-0054,2026-08-31T05:56:00,Right Anterior Chamber Micro-aspirate,2026-08-31T06:56:00,2026-08-31T14:56:00,PROCESSED,PATH-0054,MOL-0054
SPEC-0055,CASE-0055,2026-09-01T13:58:00,Left Tear Film,2026-09-01T16:58:00,2026-09-01T23:58:00,PROCESSED,PATH-0055,MOL-0055
SPEC-0056,CASE-0056,2026-07-30T02:27:00,Left Tear Film,2026-07-30T05:27:00,2026-07-30T14:27:00,PROCESSED,PATH-0056,MOL-0056
SPEC-0057,CASE-0057,2026-08-28T03:57:00,Bilateral Conjunctival Swab,2026-08-28T06:57:00,2026-08-28T15:57:00,PROCESSED,PATH-0057,MOL-0057
SPEC-0058,CASE-0058,2026-08-09T05:42:00,Right Tear Film,2026-08-09T07:42:00,2026-08-09T18:42:00,PROCESSED,PATH-0058,MOL-0058
SPEC-0059,CASE-0059,2026-07-16T10:58:00,Left Epithelial Scraping,2026-07-16T12:58:00,2026-07-16T17:58:00,PROCESSED,PATH-0059,
SPEC-0060,CASE-0060,2026-07-22T07:44:00,Left Tear Film,2026-07-22T08:44:00,2026-07-22T19:44:00,PROCESSED,PATH-0060,MOL-0060
SPEC-0061,CASE-0061,2026-08-22T08:09:00,Right Anterior Chamber Micro-aspirate,2026-08-22T09:09:00,2026-08-22T17:09:00,PROCESSED,PATH-0061,MOL-0061
SPEC-0062,CASE-0062,2026-07-20T04:37:00,Bilateral Conjunctival Swab,2026-07-20T05:37:00,2026-07-20T13:37:00,LOST_LINKAGE,,
SPEC-0063,CASE-0063,2026-07-26T05:50:00,Right Anterior Chamber Micro-aspirate,2026-07-26T07:50:00,2026-07-26T15:50:00,PROCESSED,PATH-0063,
SPEC-0064,CASE-0064,2026-08-28T10:49:00,Right Anterior Chamber Micro-aspirate,2026-08-28T12:49:00,2026-08-28T19:49:00,PROCESSED,PATH-0064,MOL-0064
SPEC-0065,CASE-0065,2026-08-06T08:04:00,Right Tear Film,2026-08-06T11:04:00,2026-08-06T20:04:00,PROCESSED,PATH-0065,MOL-0065
SPEC-0066,CASE-0066,2026-07-15T04:36:00,Bilateral Conjunctival Swab,2026-07-15T06:36:00,2026-07-15T15:36:00,PROCESSED,PATH-0066,MOL-0066
SPEC-0067,CASE-0067,2026-07-18T09:08:00,Left Epithelial Scraping,2026-07-18T12:08:00,2026-07-18T23:08:00,PROCESSED,PATH-0067,MOL-0067
SPEC-0068,CASE-0068,2026-07-17T13:21:00,Left Tear Film,2026-07-17T14:21:00,2026-07-18T00:21:00,PROCESSED,PATH-0068,MOL-0068
SPEC-0069,CASE-0069,2026-08-21T04:01:00,Bilateral Conjunctival Swab,2026-08-21T07:01:00,2026-08-21T18:01:00,PROCESSED,PATH-0069,MOL-0069
SPEC-0070,CASE-0070,2026-08-14T13:37:00,Right Tear Film,2026-08-14T14:37:00,2026-08-14T21:37:00,PROCESSED,PATH-0070,MOL-0070
SPEC-0071,CASE-0071,2026-08-22T05:18:00,Right Anterior Chamber Micro-aspirate,2026-08-22T06:18:00,2026-08-22T16:18:00,PROCESSED,PATH-0071,MOL-0071
SPEC-0072,CASE-0072,2026-08-03T06:26:00,Left Tear Film,2026-08-03T09:26:00,2026-08-03T16:26:00,PROCESSED,PATH-0072,MOL-0072
SPEC-0073,CASE-0073,2026-08-21T08:29:00,Right Anterior Chamber Micro-aspirate,2026-08-21T11:29:00,2026-08-21T16:29:00,PROCESSED,PATH-0073,MOL-0073
SPEC-0074,CASE-0074,2026-07-23T10:36:00,Right Anterior Chamber Micro-aspirate,2026-07-23T11:36:00,2026-07-23T19:36:00,LOST_LINKAGE,,
SPEC-0075,CASE-0075,2026-07-31T10:23:00,Left Epithelial Scraping,2026-07-31T13:23:00,2026-07-31T17:23:00,PROCESSED,PATH-0075,MOL-0075
SPEC-0076,CASE-0076,2026-08-10T13:25:00,Right Tear Film,2026-08-10T14:25:00,2026-08-10T23:25:00,PROCESSED,PATH-0076,MOL-0076
SPEC-0077,CASE-0077,2026-08-13T03:16:00,Right Anterior Chamber Micro-aspirate,2026-08-13T04:16:00,2026-08-13T08:16:00,PROCESSED,PATH-0077,MOL-0077
SPEC-0078,CASE-0078,2026-07-29T11:11:00,Right Anterior Chamber Micro-aspirate,2026-07-29T14:11:00,2026-07-29T20:11:00,PROCESSED,PATH-0078,MOL-0078
SPEC-0079,CASE-0079,2026-08-13T06:48:00,Right Anterior Chamber Micro-aspirate,2026-08-13T09:48:00,2026-08-13T14:48:00,PROCESSED,PATH-0079,MOL-0079
SPEC-0080,CASE-0080,2026-07-15T02:13:00,Bilateral Conjunctival Swab,2026-07-15T05:13:00,2026-07-15T14:13:00,PROCESSED,PATH-0080,MOL-0080
SPEC-0081,CASE-0081,2026-08-12T09:36:00,Right Anterior Chamber Micro-aspirate,2026-08-12T11:36:00,2026-08-12T22:36:00,PROCESSED,PATH-0081,MOL-0081
SPEC-0082,CASE-0082,2026-08-28T14:11:00,Left Epithelial Scraping,2026-08-28T17:11:00,2026-08-29T01:11:00,PROCESSED,PATH-0082,MOL-0082
SPEC-0083,CASE-0083,2026-07-24T05:43:00,Right Anterior Chamber Micro-aspirate,2026-07-24T07:43:00,2026-07-24T19:43:00,PROCESSED,PATH-0083,MOL-0083
SPEC-0084,CASE-0084,2026-07-22T07:23:00,Left Epithelial Scraping,2026-07-22T08:23:00,2026-07-22T15:23:00,PROCESSED,PATH-0084,MOL-0084
SPEC-0085,CASE-0085,2026-07-20T04:38:00,Right Anterior Chamber Micro-aspirate,2026-07-20T07:38:00,2026-07-20T17:38:00,PROCESSED,PATH-0085,MOL-0085
SPEC-0086,CASE-0086,2026-08-08T08:12:00,Right Tear Film,2026-08-08T10:12:00,2026-08-08T22:12:00,PROCESSED,PATH-0086,
SPEC-0087,CASE-0087,2026-09-01T08:33:00,Bilateral Conjunctival Swab,2026-09-01T10:33:00,2026-09-01T15:33:00,PROCESSED,PATH-0087,MOL-0087
SPEC-0088,CASE-0088,2026-07-24T06:08:00,Left Epithelial Scraping,2026-07-24T08:08:00,2026-07-24T19:08:00,PROCESSED,PATH-0088,MOL-0088
SPEC-0089,CASE-0089,2026-07-29T11:16:00,Left Epithelial Scraping,2026-07-29T12:16:00,2026-07-29T20:16:00,LOST_LINKAGE,,
SPEC-0090,CASE-0090,2026-08-09T03:21:00,Left Epithelial Scraping,2026-08-09T06:21:00,2026-08-09T18:21:00,PROCESSED,PATH-0090,MOL-0090
SPEC-0091,CASE-0091,2026-08-31T06:53:00,Bilateral Conjunctival Swab,2026-08-31T08:53:00,2026-08-31T13:53:00,PROCESSED,PATH-0091,MOL-0091
SPEC-0092,CASE-0092,2026-07-28T09:38:00,Right Tear Film,2026-07-28T10:38:00,2026-07-28T18:38:00,PROCESSED,PATH-0092,MOL-0092
SPEC-0093,CASE-0093,2026-07-23T07:21:00,Bilateral Conjunctival Swab,2026-07-23T08:21:00,2026-07-23T15:21:00,PROCESSED,PATH-0093,
SPEC-0094,CASE-0094,2026-07-31T08:33:00,Right Tear Film,2026-07-31T09:33:00,2026-07-31T18:33:00,PROCESSED,PATH-0094,MOL-0094
SPEC-0095,CASE-0095,2026-08-01T10:54:00,Left Epithelial Scraping,2026-08-01T13:54:00,2026-08-01T22:54:00,PROCESSED,PATH-0095,
SPEC-0096,CASE-0096,2026-08-26T08:40:00,Right Tear Film,2026-08-26T09:40:00,2026-08-26T16:40:00,PROCESSED,PATH-0096,MOL-0096
SPEC-0097,CASE-0097,2026-07-31T11:51:00,Right Anterior Chamber Micro-aspirate,2026-07-31T14:51:00,2026-08-01T00:51:00,PROCESSED,PATH-0097,
SPEC-0098,CASE-0098,2026-07-31T09:15:00,Bilateral Conjunctival Swab,2026-07-31T11:15:00,2026-07-31T20:15:00,PROCESSED,PATH-0098,MOL-0098
SPEC-0099,CASE-0099,2026-08-22T04:30:00,Right Tear Film,2026-08-22T06:30:00,2026-08-22T11:30:00,PROCESSED,PATH-0099,MOL-0099
SPEC-0100,CASE-0100,2026-08-05T09:29:00,Right Anterior Chamber Micro-aspirate,2026-08-05T12:29:00,2026-08-05T18:29:00,PROCESSED,PATH-0100,MOL-0100
SPEC-0101,CASE-0101,2026-08-05T05:09:00,Right Anterior Chamber Micro-aspirate,2026-08-05T06:09:00,2026-08-05T17:09:00,PROCESSED,PATH-0101,
SPEC-0102,CASE-0102,2026-08-12T12:35:00,Right Anterior Chamber Micro-aspirate,2026-08-12T14:35:00,2026-08-13T00:35:00,PROCESSED,PATH-0102,MOL-0102
SPEC-0103,CASE-0103,2026-08-07T01:19:00,Bilateral Conjunctival Swab,2026-08-07T02:19:00,2026-08-07T13:19:00,PROCESSED,PATH-0103,
SPEC-0104,CASE-0104,2026-08-09T10:12:00,Left Tear Film,2026-08-09T11:12:00,2026-08-09T16:12:00,PROCESSED,PATH-0104,MOL-0104
SPEC-0105,CASE-0105,2026-08-30T06:08:00,Right Tear Film,2026-08-30T07:08:00,2026-08-30T17:08:00,PROCESSED,PATH-0105,MOL-0105
SPEC-0106,CASE-0106,2026-07-28T06:59:00,Left Epithelial Scraping,2026-07-28T07:59:00,2026-07-28T14:59:00,PROCESSED,PATH-0106,MOL-0106
SPEC-0107,CASE-0107,2026-08-17T07:28:00,Right Anterior Chamber Micro-aspirate,2026-08-17T08:28:00,2026-08-17T12:28:00,PROCESSED,PATH-0107,
SPEC-0108,CASE-0108,2026-08-16T07:08:00,Bilateral Conjunctival Swab,2026-08-16T08:08:00,2026-08-16T19:08:00,PROCESSED,PATH-0108,MOL-0108
SPEC-0109,CASE-0109,2026-08-30T11:06:00,Right Anterior Chamber Micro-aspirate,2026-08-30T12:06:00,2026-08-30T17:06:00,PROCESSED,PATH-0109,MOL-0109
SPEC-0110,CASE-0110,2026-07-23T09:22:00,Right Anterior Chamber Micro-aspirate,2026-07-23T10:22:00,2026-07-23T20:22:00,PROCESSED,PATH-0110,MOL-0110
SPEC-0111,CASE-0111,2026-08-23T14:20:00,Bilateral Conjunctival Swab,2026-08-23T15:20:00,2026-08-24T01:20:00,PROCESSED,PATH-0111,MOL-0111
SPEC-0112,CASE-0112,2026-08-21T11:39:00,Bilateral Conjunctival Swab,2026-08-21T14:39:00,2026-08-22T00:39:00,PROCESSED,PATH-0112,
SPEC-0113,CASE-0113,2026-08-31T06:23:00,Left Tear Film,2026-08-31T07:23:00,2026-08-31T16:23:00,PROCESSED,PATH-0113,MOL-0113
SPEC-0114,CASE-0114,2026-08-11T08:39:00,Right Tear Film,2026-08-11T09:39:00,2026-08-11T15:39:00,PROCESSED,PATH-0114,MOL-0114
SPEC-0115,CASE-0115,2026-08-23T07:12:00,Right Tear Film,2026-08-23T09:12:00,2026-08-23T14:12:00,PROCESSED,PATH-0115,MOL-0115
SPEC-0116,CASE-0116,2026-07-29T05:53:00,Left Epithelial Scraping,2026-07-29T08:53:00,2026-07-29T16:53:00,LOST_LINKAGE,,
SPEC-0117,CASE-0117,2026-08-05T11:21:00,Bilateral Conjunctival Swab,2026-08-05T12:21:00,2026-08-05T16:21:00,PROCESSED,PATH-0117,MOL-0117
SPEC-0118,CASE-0118,2026-08-19T08:19:00,Right Anterior Chamber Micro-aspirate,2026-08-19T10:19:00,2026-08-19T21:19:00,PROCESSED,PATH-0118,MOL-0118
SPEC-0119,CASE-0119,2026-07-29T07:11:00,Left Tear Film,2026-07-29T08:11:00,2026-07-29T14:11:00,PROCESSED,PATH-0119,MOL-0119
SPEC-0120,CASE-0120,2026-08-28T13:35:00,Bilateral Conjunctival Swab,2026-08-28T15:35:00,2026-08-29T01:35:00,PROCESSED,PATH-0120,MOL-0120
SPEC-0121,CASE-0121,2026-08-11T10:56:00,Right Anterior Chamber Micro-aspirate,2026-08-11T12:56:00,2026-08-11T20:56:00,PROCESSED,PATH-0121,MOL-0121
SPEC-0122,CASE-0122,2026-07-15T05:04:00,Left Tear Film,2026-07-15T06:04:00,2026-07-15T15:04:00,PROCESSED,PATH-0122,MOL-0122
SPEC-0123,CASE-0123,2026-08-17T06:28:00,Bilateral Conjunctival Swab,2026-08-17T09:28:00,2026-08-17T16:28:00,PROCESSED,PATH-0123,MOL-0123
SPEC-0124,CASE-0124,2026-07-25T06:14:00,Bilateral Conjunctival Swab,2026-07-25T08:14:00,2026-07-25T16:14:00,LOST_LINKAGE,,
SPEC-0125,CASE-0125,2026-08-20T12:26:00,Left Tear Film,2026-08-20T13:26:00,2026-08-20T22:26:00,PROCESSED,PATH-0125,MOL-0125
SPEC-0126,CASE-0126,2026-08-21T10:53:00,Right Tear Film,2026-08-21T12:53:00,2026-08-21T23:53:00,PROCESSED,PATH-0126,MOL-0126
SPEC-0127,CASE-0127,2026-08-23T09:47:00,Right Anterior Chamber Micro-aspirate,2026-08-23T12:47:00,2026-08-23T18:47:00,PROCESSED,PATH-0127,MOL-0127
SPEC-0128,CASE-0128,2026-08-30T02:47:00,Right Anterior Chamber Micro-aspirate,2026-08-30T04:47:00,2026-08-30T12:47:00,PROCESSED,PATH-0128,MOL-0128
SPEC-0129,CASE-0129,2026-08-10T11:49:00,Right Tear Film,2026-08-10T12:49:00,2026-08-10T16:49:00,PROCESSED,PATH-0129,MOL-0129
SPEC-0130,CASE-0130,2026-08-23T11:15:00,Left Epithelial Scraping,2026-08-23T12:15:00,2026-08-23T20:15:00,PROCESSED,PATH-0130,
SPEC-0131,CASE-0131,2026-08-22T10:24:00,Right Anterior Chamber Micro-aspirate,2026-08-22T12:24:00,2026-08-22T19:24:00,PROCESSED,PATH-0131,MOL-0131
SPEC-0132,CASE-0132,2026-07-20T07:32:00,Right Anterior Chamber Micro-aspirate,2026-07-20T08:32:00,2026-07-20T13:32:00,PROCESSED,PATH-0132,MOL-0132
SPEC-0133,CASE-0133,2026-07-17T13:05:00,Right Tear Film,2026-07-17T15:05:00,2026-07-17T19:05:00,PROCESSED,PATH-0133,MOL-0133
SPEC-0134,CASE-0134,2026-07-17T09:29:00,Left Epithelial Scraping,2026-07-17T11:29:00,2026-07-17T15:29:00,PROCESSED,PATH-0134,MOL-0134
SPEC-0135,CASE-0135,2026-08-04T07:52:00,Right Anterior Chamber Micro-aspirate,2026-08-04T08:52:00,2026-08-04T15:52:00,PROCESSED,PATH-0135,MOL-0135
SPEC-0136,CASE-0136,2026-08-25T12:11:00,Left Epithelial Scraping,2026-08-25T13:11:00,2026-08-25T21:11:00,PROCESSED,PATH-0136,MOL-0136
SPEC-0137,CASE-0137,2026-08-30T02:52:00,Left Epithelial Scraping,2026-08-30T03:52:00,2026-08-30T13:52:00,PROCESSED,PATH-0137,
SPEC-0138,CASE-0138,2026-07-25T09:42:00,Left Tear Film,2026-07-25T12:42:00,2026-07-25T21:42:00,PROCESSED,PATH-0138,MOL-0138
SPEC-0139,CASE-0139,2026-07-29T06:03:00,Left Tear Film,2026-07-29T09:03:00,2026-07-29T17:03:00,PROCESSED,PATH-0139,MOL-0139
SPEC-0140,CASE-0140,2026-07-20T04:04:00,Left Epithelial Scraping,2026-07-20T07:04:00,2026-07-20T19:04:00,PROCESSED,PATH-0140,MOL-0140
SPEC-0141,CASE-0141,2026-08-05T10:24:00,Right Tear Film,2026-08-05T13:24:00,2026-08-05T22:24:00,PROCESSED,PATH-0141,MOL-0141
SPEC-0142,CASE-0142,2026-08-18T11:17:00,Right Tear Film,2026-08-18T14:17:00,2026-08-18T21:17:00,PROCESSED,PATH-0142,MOL-0142
SPEC-0143,CASE-0143,2026-08-09T03:08:00,Right Tear Film,2026-08-09T06:08:00,2026-08-09T16:08:00,PROCESSED,PATH-0143,MOL-0143
SPEC-0144,CASE-0144,2026-08-31T03:14:00,Left Epithelial Scraping,2026-08-31T05:14:00,2026-08-31T10:14:00,PROCESSED,PATH-0144,
SPEC-0145,CASE-0145,2026-08-30T12:37:00,Left Tear Film,2026-08-30T15:37:00,2026-08-30T23:37:00,PROCESSED,PATH-0145,MOL-0145
SPEC-0146,CASE-0146,2026-09-01T03:21:00,Left Tear Film,2026-09-01T04:21:00,2026-09-01T09:21:00,PROCESSED,PATH-0146,MOL-0146
SPEC-0147,CASE-0147,2026-08-16T10:47:00,Bilateral Conjunctival Swab,2026-08-16T13:47:00,2026-08-16T22:47:00,PROCESSED,PATH-0147,
SPEC-0148,CASE-0148,2026-07-18T05:42:00,Right Tear Film,2026-07-18T07:42:00,2026-07-18T15:42:00,LOST_LINKAGE,,
SPEC-0149,CASE-0149,2026-08-30T03:43:00,Left Epithelial Scraping,2026-08-30T06:43:00,2026-08-30T12:43:00,PROCESSED,PATH-0149,MOL-0149
SPEC-0150,CASE-0150,2026-08-18T13:43:00,Bilateral Conjunctival Swab,2026-08-18T16:43:00,2026-08-19T00:43:00,PROCESSED,PATH-0150,MOL-0150
SPEC-0151,CASE-0151,2026-07-30T08:35:00,Left Tear Film,2026-07-30T09:35:00,2026-07-30T15:35:00,PROCESSED,PATH-0151,MOL-0151
SPEC-0152,CASE-0152,2026-08-02T10:22:00,Bilateral Conjunctival Swab,2026-08-02T13:22:00,2026-08-02T17:22:00,PROCESSED,PATH-0152,
SPEC-0153,CASE-0153,2026-08-18T08:21:00,Left Tear Film,2026-08-18T11:21:00,2026-08-18T21:21:00,PROCESSED,PATH-0153,MOL-0153
SPEC-0154,CASE-0154,2026-07-20T05:26:00,Left Epithelial Scraping,2026-07-20T06:26:00,2026-07-20T14:26:00,LOST_LINKAGE,,
SPEC-0155,CASE-0155,2026-07-27T06:52:00,Left Tear Film,2026-07-27T08:52:00,2026-07-27T18:52:00,PROCESSED,PATH-0155,MOL-0155
SPEC-0156,CASE-0156,2026-07-27T05:10:00,Right Anterior Chamber Micro-aspirate,2026-07-27T06:10:00,2026-07-27T14:10:00,LOST_LINKAGE,,
SPEC-0157,CASE-0157,2026-08-27T05:57:00,Left Epithelial Scraping,2026-08-27T08:57:00,2026-08-27T15:57:00,PROCESSED,PATH-0157,
SPEC-0158,CASE-0158,2026-07-22T14:49:00,Bilateral Conjunctival Swab,2026-07-22T17:49:00,2026-07-23T02:49:00,PROCESSED,PATH-0158,MOL-0158
SPEC-0159,CASE-0159,2026-07-31T06:38:00,Bilateral Conjunctival Swab,2026-07-31T08:38:00,2026-07-31T13:38:00,PROCESSED,PATH-0159,MOL-0159
SPEC-0160,CASE-0160,2026-08-16T08:41:00,Left Tear Film,2026-08-16T10:41:00,2026-08-16T17:41:00,PROCESSED,PATH-0160,MOL-0160
SPEC-0161,CASE-0161,2026-07-29T11:05:00,Right Anterior Chamber Micro-aspirate,2026-07-29T12:05:00,2026-07-30T00:05:00,PROCESSED,PATH-0161,MOL-0161
SPEC-0162,CASE-0162,2026-09-01T12:16:00,Right Anterior Chamber Micro-aspirate,2026-09-01T14:16:00,2026-09-01T20:16:00,PROCESSED,PATH-0162,MOL-0162
SPEC-0163,CASE-0163,2026-08-15T06:48:00,Left Epithelial Scraping,2026-08-15T07:48:00,2026-08-15T19:48:00,PROCESSED,PATH-0163,MOL-0163
SPEC-0164,CASE-0164,2026-08-16T07:06:00,Left Tear Film,2026-08-16T08:06:00,2026-08-16T20:06:00,PROCESSED,PATH-0164,MOL-0164
SPEC-0165,CASE-0165,2026-08-27T06:20:00,Left Epithelial Scraping,2026-08-27T09:20:00,2026-08-27T17:20:00,PROCESSED,PATH-0165,MOL-0165
SPEC-0166,CASE-0166,2026-08-24T07:17:00,Left Epithelial Scraping,2026-08-24T08:17:00,2026-08-24T16:17:00,PROCESSED,PATH-0166,MOL-0166
SPEC-0167,CASE-0167,2026-08-17T10:31:00,Left Epithelial Scraping,2026-08-17T11:31:00,2026-08-17T22:31:00,PROCESSED,PATH-0167,
SPEC-0168,CASE-0168,2026-08-02T05:45:00,Right Tear Film,2026-08-02T07:45:00,2026-08-02T15:45:00,PROCESSED,PATH-0168,MOL-0168
SPEC-0169,CASE-0169,2026-08-20T08:03:00,Bilateral Conjunctival Swab,2026-08-20T11:03:00,2026-08-20T19:03:00,PROCESSED,PATH-0169,MOL-0169
SPEC-0170,CASE-0170,2026-08-14T12:19:00,Left Tear Film,2026-08-14T15:19:00,2026-08-14T19:19:00,PROCESSED,PATH-0170,MOL-0170
SPEC-0171,CASE-0171,2026-07-15T08:56:00,Right Tear Film,2026-07-15T09:56:00,2026-07-15T17:56:00,LOST_LINKAGE,,
SPEC-0172,CASE-0172,2026-07-23T12:12:00,Right Anterior Chamber Micro-aspirate,2026-07-23T15:12:00,2026-07-23T20:12:00,PROCESSED,PATH-0172,MOL-0172
SPEC-0173,CASE-0173,2026-07-24T05:11:00,Bilateral Conjunctival Swab,2026-07-24T08:11:00,2026-07-24T18:11:00,PROCESSED,PATH-0173,MOL-0173
SPEC-0174,CASE-0174,2026-08-21T06:37:00,Right Tear Film,2026-08-21T08:37:00,2026-08-21T14:37:00,PROCESSED,PATH-0174,MOL-0174
SPEC-0175,CASE-0175,2026-08-23T05:41:00,Right Tear Film,2026-08-23T08:41:00,2026-08-23T16:41:00,PROCESSED,PATH-0175,
SPEC-0176,CASE-0176,2026-07-22T03:03:00,Right Tear Film,2026-07-22T04:03:00,2026-07-22T16:03:00,PROCESSED,PATH-0176,MOL-0176
SPEC-0177,CASE-0177,2026-07-23T04:37:00,Left Epithelial Scraping,2026-07-23T07:37:00,2026-07-23T16:37:00,PROCESSED,PATH-0177,MOL-0177
SPEC-0178,CASE-0178,2026-08-14T02:58:00,Bilateral Conjunctival Swab,2026-08-14T03:58:00,2026-08-14T11:58:00,PROCESSED,PATH-0178,MOL-0178
SPEC-0179,CASE-0179,2026-07-17T05:09:00,Right Anterior Chamber Micro-aspirate,2026-07-17T06:09:00,2026-07-17T10:09:00,PROCESSED,PATH-0179,MOL-0179
SPEC-0180,CASE-0180,2026-07-20T07:31:00,Left Tear Film,2026-07-20T10:31:00,2026-07-20T18:31:00,LOST_LINKAGE,,
SPEC-0181,CASE-0181,2026-08-20T03:20:00,Left Epithelial Scraping,2026-08-20T05:20:00,2026-08-20T16:20:00,PROCESSED,PATH-0181,MOL-0181
SPEC-0182,CASE-0182,2026-08-25T14:44:00,Right Tear Film,2026-08-25T17:44:00,2026-08-25T23:44:00,PROCESSED,PATH-0182,MOL-0182
SPEC-0183,CASE-0183,2026-08-15T10:30:00,Left Epithelial Scraping,2026-08-15T12:30:00,2026-08-15T23:30:00,PROCESSED,PATH-0183,MOL-0183
SPEC-0184,CASE-0184,2026-08-30T10:26:00,Bilateral Conjunctival Swab,2026-08-30T11:26:00,2026-08-30T23:26:00,PROCESSED,PATH-0184,MOL-0184
SPEC-0185,CASE-0185,2026-07-27T12:32:00,Right Tear Film,2026-07-27T13:32:00,2026-07-27T22:32:00,PROCESSED,PATH-0185,MOL-0185
SPEC-0186,CASE-0186,2026-08-06T07:40:00,Left Epithelial Scraping,2026-08-06T08:40:00,2026-08-06T20:40:00,PROCESSED,PATH-0186,
SPEC-0187,CASE-0187,2026-08-08T05:29:00,Right Anterior Chamber Micro-aspirate,2026-08-08T07:29:00,2026-08-08T14:29:00,PROCESSED,PATH-0187,
SPEC-0188,CASE-0188,2026-08-07T04:12:00,Bilateral Conjunctival Swab,2026-08-07T06:12:00,2026-08-07T14:12:00,PROCESSED,PATH-0188,
SPEC-0189,CASE-0189,2026-08-23T03:06:00,Left Tear Film,2026-08-23T05:06:00,2026-08-23T14:06:00,PROCESSED,PATH-0189,MOL-0189
SPEC-0190,CASE-0190,2026-07-31T04:49:00,Right Tear Film,2026-07-31T06:49:00,2026-07-31T12:49:00,PROCESSED,PATH-0190,MOL-0190
SPEC-0191,CASE-0191,2026-08-01T09:46:00,Right Tear Film,2026-08-01T10:46:00,2026-08-01T18:46:00,LOST_LINKAGE,,
SPEC-0192,CASE-0192,2026-08-06T08:49:00,Left Tear Film,2026-08-06T10:49:00,2026-08-06T21:49:00,PROCESSED,PATH-0192,MOL-0192
SPEC-0193,CASE-0193,2026-07-23T03:54:00,Left Tear Film,2026-07-23T06:54:00,2026-07-23T14:54:00,PROCESSED,PATH-0193,MOL-0193
SPEC-0194,CASE-0194,2026-07-23T09:59:00,Right Anterior Chamber Micro-aspirate,2026-07-23T12:59:00,2026-07-23T23:59:00,PROCESSED,PATH-0194,MOL-0194
SPEC-0195,CASE-0195,2026-07-16T11:06:00,Left Tear Film,2026-07-16T14:06:00,2026-07-17T00:06:00,PROCESSED,PATH-0195,MOL-0195
SPEC-0196,CASE-0196,2026-08-13T11:26:00,Left Tear Film,2026-08-13T13:26:00,2026-08-13T22:26:00,PROCESSED,PATH-0196,MOL-0196
SPEC-0197,CASE-0197,2026-07-25T11:38:00,Bilateral Conjunctival Swab,2026-07-25T13:38:00,2026-07-25T18:38:00,PROCESSED,PATH-0197,MOL-0197
SPEC-0198,CASE-0198,2026-07-18T10:23:00,Bilateral Conjunctival Swab,2026-07-18T12:23:00,2026-07-18T20:23:00,PROCESSED,PATH-0198,MOL-0198
SPEC-0199,CASE-0199,2026-07-18T04:29:00,Left Epithelial Scraping,2026-07-18T06:29:00,2026-07-18T15:29:00,PROCESSED,PATH-0199,MOL-0199
SPEC-0200,CASE-0200,2026-08-03T06:22:00,Left Tear Film,2026-08-03T09:22:00,2026-08-03T16:22:00,PROCESSED,PATH-0200,MOL-0200
SPEC-0201,CASE-0201,2026-08-26T03:48:00,Right Anterior Chamber Micro-aspirate,2026-08-26T04:48:00,2026-08-26T10:48:00,PROCESSED,PATH-0201,
SPEC-0202,CASE-0202,2026-08-19T07:40:00,Right Anterior Chamber Micro-aspirate,2026-08-19T08:40:00,2026-08-19T15:40:00,PROCESSED,PATH-0202,MOL-0202
SPEC-0203,CASE-0203,2026-08-20T03:35:00,Right Anterior Chamber Micro-aspirate,2026-08-20T04:35:00,2026-08-20T10:35:00,PROCESSED,PATH-0203,MOL-0203
SPEC-0204,CASE-0204,2026-08-21T04:21:00,Bilateral Conjunctival Swab,2026-08-21T05:21:00,2026-08-21T17:21:00,PROCESSED,PATH-0204,MOL-0204
SPEC-0205,CASE-0205,2026-08-11T06:10:00,Left Epithelial Scraping,2026-08-11T09:10:00,2026-08-11T17:10:00,PROCESSED,PATH-0205,MOL-0205
SPEC-0206,CASE-0206,2026-08-27T09:27:00,Right Anterior Chamber Micro-aspirate,2026-08-27T11:27:00,2026-08-27T18:27:00,PROCESSED,PATH-0206,MOL-0206
SPEC-0207,CASE-0207,2026-08-04T09:46:00,Right Tear Film,2026-08-04T12:46:00,2026-08-04T22:46:00,PROCESSED,PATH-0207,MOL-0207
SPEC-0208,CASE-0208,2026-07-23T06:05:00,Right Tear Film,2026-07-23T08:05:00,2026-07-23T20:05:00,PROCESSED,PATH-0208,MOL-0208
SPEC-0209,CASE-0209,2026-08-10T08:13:00,Right Anterior Chamber Micro-aspirate,2026-08-10T10:13:00,2026-08-10T18:13:00,PROCESSED,PATH-0209,
SPEC-0210,CASE-0210,2026-08-05T06:43:00,Left Tear Film,2026-08-05T09:43:00,2026-08-05T19:43:00,PROCESSED,PATH-0210,MOL-0210
SPEC-0211,CASE-0211,2026-07-22T11:01:00,Left Epithelial Scraping,2026-07-22T13:01:00,2026-07-22T17:01:00,PROCESSED,PATH-0211,
SPEC-0212,CASE-0212,2026-08-05T04:05:00,Bilateral Conjunctival Swab,2026-08-05T06:05:00,2026-08-05T18:05:00,PROCESSED,PATH-0212,MOL-0212
SPEC-0213,CASE-0213,2026-08-21T06:57:00,Right Anterior Chamber Micro-aspirate,2026-08-21T07:57:00,2026-08-21T18:57:00,PROCESSED,PATH-0213,MOL-0213
SPEC-0214,CASE-0214,2026-07-17T11:34:00,Right Tear Film,2026-07-17T12:34:00,2026-07-17T18:34:00,PROCESSED,PATH-0214,MOL-0214
SPEC-0215,CASE-0215,2026-07-24T07:55:00,Right Anterior Chamber Micro-aspirate,2026-07-24T09:55:00,2026-07-24T15:55:00,PROCESSED,PATH-0215,MOL-0215
SPEC-0216,CASE-0216,2026-08-30T09:53:00,Left Epithelial Scraping,2026-08-30T10:53:00,2026-08-30T18:53:00,PROCESSED,PATH-0216,MOL-0216
SPEC-0217,CASE-0217,2026-09-01T03:44:00,Right Anterior Chamber Micro-aspirate,2026-09-01T06:44:00,2026-09-01T17:44:00,PROCESSED,PATH-0217,MOL-0217
SPEC-0218,CASE-0218,2026-08-14T09:32:00,Bilateral Conjunctival Swab,2026-08-14T11:32:00,2026-08-14T18:32:00,PROCESSED,PATH-0218,
SPEC-0219,CASE-0219,2026-08-26T08:12:00,Bilateral Conjunctival Swab,2026-08-26T11:12:00,2026-08-26T20:12:00,PROCESSED,PATH-0219,
SPEC-0220,CASE-0220,2026-08-29T10:51:00,Left Epithelial Scraping,2026-08-29T12:51:00,2026-08-29T19:51:00,PROCESSED,PATH-0220,MOL-0220
SPEC-0221,CASE-0221,2026-08-05T05:45:00,Left Tear Film,2026-08-05T06:45:00,2026-08-05T16:45:00,PROCESSED,PATH-0221,MOL-0221
SPEC-0222,CASE-0222,2026-08-03T08:04:00,Right Tear Film,2026-08-03T11:04:00,2026-08-03T19:04:00,LOST_LINKAGE,,
SPEC-0223,CASE-0223,2026-08-03T02:57:00,Bilateral Conjunctival Swab,2026-08-03T04:57:00,2026-08-03T13:57:00,PROCESSED,PATH-0223,MOL-0223
SPEC-0224,CASE-0224,2026-07-29T04:02:00,Right Anterior Chamber Micro-aspirate,2026-07-29T05:02:00,2026-07-29T11:02:00,PROCESSED,PATH-0224,MOL-0224
SPEC-0225,CASE-0225,2026-07-22T14:41:00,Left Tear Film,2026-07-22T15:41:00,2026-07-22T23:41:00,PROCESSED,PATH-0225,MOL-0225
SPEC-0226,CASE-0226,2026-08-22T02:49:00,Bilateral Conjunctival Swab,2026-08-22T05:49:00,2026-08-22T09:49:00,PROCESSED,PATH-0226,MOL-0226
SPEC-0227,CASE-0227,2026-08-07T03:10:00,Right Tear Film,2026-08-07T06:10:00,2026-08-07T17:10:00,PROCESSED,PATH-0227,
SPEC-0228,CASE-0228,2026-08-07T04:06:00,Left Epithelial Scraping,2026-08-07T07:06:00,2026-08-07T12:06:00,PROCESSED,PATH-0228,MOL-0228
SPEC-0229,CASE-0229,2026-08-07T11:14:00,Left Tear Film,2026-08-07T14:14:00,2026-08-08T00:14:00,PROCESSED,PATH-0229,
SPEC-0230,CASE-0230,2026-08-13T05:04:00,Right Tear Film,2026-08-13T08:04:00,2026-08-13T19:04:00,PROCESSED,PATH-0230,MOL-0230
SPEC-0231,CASE-0231,2026-08-13T05:52:00,Right Tear Film,2026-08-13T08:52:00,2026-08-13T19:52:00,PROCESSED,PATH-0231,MOL-0231
SPEC-0232,CASE-0232,2026-08-29T08:36:00,Bilateral Conjunctival Swab,2026-08-29T11:36:00,2026-08-29T19:36:00,PROCESSED,PATH-0232,MOL-0232
SPEC-0233,CASE-0233,2026-08-24T02:41:00,Right Anterior Chamber Micro-aspirate,2026-08-24T03:41:00,2026-08-24T07:41:00,PROCESSED,PATH-0233,MOL-0233
SPEC-0234,CASE-0234,2026-08-25T09:51:00,Bilateral Conjunctival Swab,2026-08-25T10:51:00,2026-08-25T15:51:00,PROCESSED,PATH-0234,MOL-0234
SPEC-0235,CASE-0235,2026-08-31T11:50:00,Right Tear Film,2026-08-31T12:50:00,2026-09-01T00:50:00,PROCESSED,PATH-0235,MOL-0235
SPEC-0236,CASE-0236,2026-08-21T05:35:00,Right Anterior Chamber Micro-aspirate,2026-08-21T06:35:00,2026-08-21T15:35:00,PROCESSED,PATH-0236,
SPEC-0237,CASE-0237,2026-07-16T10:16:00,Right Tear Film,2026-07-16T13:16:00,2026-07-16T18:16:00,PROCESSED,PATH-0237,MOL-0237
SPEC-0238,CASE-0238,2026-07-25T07:52:00,Bilateral Conjunctival Swab,2026-07-25T08:52:00,2026-07-25T13:52:00,PROCESSED,PATH-0238,MOL-0238
SPEC-0239,CASE-0239,2026-08-08T05:16:00,Right Tear Film,2026-08-08T08:16:00,2026-08-08T12:16:00,PROCESSED,PATH-0239,MOL-0239
SPEC-0240,CASE-0240,2026-07-28T09:03:00,Left Epithelial Scraping,2026-07-28T11:03:00,2026-07-28T22:03:00,PROCESSED,PATH-0240,MOL-0240
SPEC-0241,CASE-0241,2026-08-10T01:58:00,Right Tear Film,2026-08-10T03:58:00,2026-08-10T09:58:00,PROCESSED,PATH-0241,MOL-0241
SPEC-0242,CASE-0242,2026-07-19T05:22:00,Left Tear Film,2026-07-19T07:22:00,2026-07-19T17:22:00,PROCESSED,PATH-0242,MOL-0242
SPEC-0243,CASE-0243,2026-08-29T08:23:00,Bilateral Conjunctival Swab,2026-08-29T10:23:00,2026-08-29T22:23:00,PROCESSED,PATH-0243,
SPEC-0244,CASE-0244,2026-07-31T05:17:00,Left Tear Film,2026-07-31T07:17:00,2026-07-31T13:17:00,PROCESSED,PATH-0244,MOL-0244
SPEC-0245,CASE-0245,2026-08-14T10:43:00,Bilateral Conjunctival Swab,2026-08-14T11:43:00,2026-08-14T15:43:00,PROCESSED,PATH-0245,
SPEC-0246,CASE-0246,2026-08-31T14:04:00,Left Epithelial Scraping,2026-08-31T15:04:00,2026-09-01T03:04:00,PROCESSED,PATH-0246,MOL-0246
SPEC-0247,CASE-0247,2026-07-16T10:32:00,Bilateral Conjunctival Swab,2026-07-16T12:32:00,2026-07-16T19:32:00,PROCESSED,PATH-0247,MOL-0247
SPEC-0248,CASE-0248,2026-07-19T08:43:00,Left Tear Film,2026-07-19T10:43:00,2026-07-19T17:43:00,PROCESSED,PATH-0248,MOL-0248
SPEC-0249,CASE-0249,2026-08-11T05:03:00,Left Tear Film,2026-08-11T06:03:00,2026-08-11T16:03:00,PROCESSED,PATH-0249,
SPEC-0250,CASE-0250,2026-08-22T08:26:00,Left Epithelial Scraping,2026-08-22T10:26:00,2026-08-22T18:26:00,LOST_LINKAGE,,
SPEC-0251,CASE-0251,2026-08-20T09:15:00,Left Tear Film,2026-08-20T10:15:00,2026-08-20T18:15:00,LOST_LINKAGE,,
SPEC-0252,CASE-0252,2026-08-05T10:21:00,Right Anterior Chamber Micro-aspirate,2026-08-05T11:21:00,2026-08-05T15:21:00,PROCESSED,PATH-0252,MOL-0252
SPEC-0253,CASE-0253,2026-08-16T10:53:00,Left Epithelial Scraping,2026-08-16T13:53:00,2026-08-16T17:53:00,PROCESSED,PATH-0253,MOL-0253
SPEC-0254,CASE-0254,2026-08-25T06:57:00,Right Tear Film,2026-08-25T09:57:00,2026-08-25T20:57:00,PROCESSED,PATH-0254,MOL-0254
SPEC-0255,CASE-0255,2026-08-01T12:31:00,Left Epithelial Scraping,2026-08-01T15:31:00,2026-08-01T22:31:00,PROCESSED,PATH-0255,MOL-0255
SPEC-0256,CASE-0256,2026-07-20T12:34:00,Left Tear Film,2026-07-20T14:34:00,2026-07-20T20:34:00,PROCESSED,PATH-0256,MOL-0256
SPEC-0257,CASE-0257,2026-08-08T12:34:00,Left Epithelial Scraping,2026-08-08T15:34:00,2026-08-08T23:34:00,PROCESSED,PATH-0257,
SPEC-0258,CASE-0258,2026-07-31T08:28:00,Right Anterior Chamber Micro-aspirate,2026-07-31T11:28:00,2026-07-31T17:28:00,PROCESSED,PATH-0258,MOL-0258
SPEC-0259,CASE-0259,2026-07-20T10:06:00,Right Tear Film,2026-07-20T11:06:00,2026-07-20T23:06:00,PROCESSED,PATH-0259,MOL-0259
SPEC-0260,CASE-0260,2026-08-13T05:22:00,Right Tear Film,2026-08-13T06:22:00,2026-08-13T16:22:00,PROCESSED,PATH-0260,MOL-0260
SPEC-0261,CASE-0261,2026-07-19T07:08:00,Right Anterior Chamber Micro-aspirate,2026-07-19T08:08:00,2026-07-19T19:08:00,PROCESSED,PATH-0261,
SPEC-0262,CASE-0262,2026-08-02T14:04:00,Bilateral Conjunctival Swab,2026-08-02T17:04:00,2026-08-03T05:04:00,PROCESSED,PATH-0262,MOL-0262
SPEC-0263,CASE-0263,2026-07-30T13:32:00,Left Tear Film,2026-07-30T14:32:00,2026-07-31T02:32:00,PROCESSED,PATH-0263,MOL-0263
SPEC-0264,CASE-0264,2026-07-20T08:09:00,Left Tear Film,2026-07-20T10:09:00,2026-07-20T17:09:00,PROCESSED,PATH-0264,MOL-0264
SPEC-0265,CASE-0265,2026-08-11T07:52:00,Right Tear Film,2026-08-11T09:52:00,2026-08-11T14:52:00,PROCESSED,PATH-0265,MOL-0265
SPEC-0266,CASE-0266,2026-08-19T08:49:00,Left Epithelial Scraping,2026-08-19T10:49:00,2026-08-19T18:49:00,PROCESSED,PATH-0266,MOL-0266
SPEC-0267,CASE-0267,2026-08-06T08:51:00,Right Anterior Chamber Micro-aspirate,2026-08-06T10:51:00,2026-08-06T14:51:00,PROCESSED,PATH-0267,MOL-0267
SPEC-0268,CASE-0268,2026-08-12T06:59:00,Bilateral Conjunctival Swab,2026-08-12T09:59:00,2026-08-12T17:59:00,LOST_LINKAGE,,
SPEC-0269,CASE-0269,2026-07-15T08:58:00,Left Epithelial Scraping,2026-07-15T10:58:00,2026-07-15T18:58:00,PROCESSED,PATH-0269,MOL-0269
SPEC-0270,CASE-0270,2026-07-18T01:16:00,Right Anterior Chamber Micro-aspirate,2026-07-18T03:16:00,2026-07-18T15:16:00,PROCESSED,PATH-0270,MOL-0270
SPEC-0271,CASE-0271,2026-07-17T06:07:00,Right Tear Film,2026-07-17T09:07:00,2026-07-17T17:07:00,PROCESSED,PATH-0271,MOL-0271
SPEC-0272,CASE-0272,2026-08-23T12:09:00,Right Anterior Chamber Micro-aspirate,2026-08-23T14:09:00,2026-08-23T23:09:00,PROCESSED,PATH-0272,MOL-0272
SPEC-0273,CASE-0273,2026-08-12T11:08:00,Left Epithelial Scraping,2026-08-12T14:08:00,2026-08-12T19:08:00,PROCESSED,PATH-0273,MOL-0273
SPEC-0274,CASE-0274,2026-08-21T14:42:00,Bilateral Conjunctival Swab,2026-08-21T16:42:00,2026-08-22T02:42:00,PROCESSED,PATH-0274,MOL-0274
SPEC-0275,CASE-0275,2026-08-06T08:56:00,Bilateral Conjunctival Swab,2026-08-06T10:56:00,2026-08-06T14:56:00,PROCESSED,PATH-0275,MOL-0275
SPEC-0276,CASE-0276,2026-07-28T08:40:00,Bilateral Conjunctival Swab,2026-07-28T09:40:00,2026-07-28T20:40:00,PROCESSED,PATH-0276,MOL-0276
SPEC-0277,CASE-0277,2026-07-16T05:23:00,Bilateral Conjunctival Swab,2026-07-16T07:23:00,2026-07-16T14:23:00,PROCESSED,PATH-0277,MOL-0277
SPEC-0278,CASE-0278,2026-09-01T11:33:00,Right Anterior Chamber Micro-aspirate,2026-09-01T14:33:00,2026-09-01T23:33:00,PROCESSED,PATH-0278,
SPEC-0279,CASE-0279,2026-08-09T11:31:00,Left Tear Film,2026-08-09T12:31:00,2026-08-09T16:31:00,PROCESSED,PATH-0279,MOL-0279
SPEC-0280,CASE-0280,2026-08-24T11:51:00,Bilateral Conjunctival Swab,2026-08-24T13:51:00,2026-08-24T23:51:00,PROCESSED,PATH-0280,MOL-0280
SPEC-0281,CASE-0281,2026-08-06T02:31:00,Right Anterior Chamber Micro-aspirate,2026-08-06T03:31:00,2026-08-06T14:31:00,PROCESSED,PATH-0281,MOL-0281
SPEC-0282,CASE-0282,2026-08-11T02:09:00,Left Epithelial Scraping,2026-08-11T03:09:00,2026-08-11T07:09:00,PROCESSED,PATH-0282,MOL-0282
SPEC-0283,CASE-0283,2026-08-03T05:03:00,Left Epithelial Scraping,2026-08-03T08:03:00,2026-08-03T14:03:00,PROCESSED,PATH-0283,MOL-0283
SPEC-0284,CASE-0284,2026-08-05T06:18:00,Bilateral Conjunctival Swab,2026-08-05T07:18:00,2026-08-05T15:18:00,LOST_LINKAGE,,
SPEC-0285,CASE-0285,2026-08-20T04:15:00,Right Anterior Chamber Micro-aspirate,2026-08-20T07:15:00,2026-08-20T14:15:00,PROCESSED,PATH-0285,MOL-0285
SPEC-0286,CASE-0286,2026-08-31T06:52:00,Left Tear Film,2026-08-31T07:52:00,2026-08-31T13:52:00,PROCESSED,PATH-0286,MOL-0286
SPEC-0287,CASE-0287,2026-08-13T05:44:00,Left Tear Film,2026-08-13T08:44:00,2026-08-13T18:44:00,PROCESSED,PATH-0287,MOL-0287
SPEC-0288,CASE-0288,2026-07-26T07:46:00,Left Tear Film,2026-07-26T09:46:00,2026-07-26T13:46:00,PROCESSED,PATH-0288,MOL-0288
SPEC-0289,CASE-0289,2026-08-09T09:24:00,Right Anterior Chamber Micro-aspirate,2026-08-09T10:24:00,2026-08-09T18:24:00,LOST_LINKAGE,,
SPEC-0290,CASE-0290,2026-07-31T06:25:00,Bilateral Conjunctival Swab,2026-07-31T08:25:00,2026-07-31T12:25:00,PROCESSED,PATH-0290,
SPEC-0291,CASE-0291,2026-07-26T11:29:00,Left Tear Film,2026-07-26T13:29:00,2026-07-26T23:29:00,PROCESSED,PATH-0291,MOL-0291
SPEC-0292,CASE-0292,2026-08-01T09:38:00,Right Anterior Chamber Micro-aspirate,2026-08-01T12:38:00,2026-08-01T22:38:00,PROCESSED,PATH-0292,MOL-0292
SPEC-0293,CASE-0293,2026-08-13T13:49:00,Right Tear Film,2026-08-13T14:49:00,2026-08-14T01:49:00,PROCESSED,PATH-0293,MOL-0293
SPEC-0294,CASE-0294,2026-08-06T07:12:00,Bilateral Conjunctival Swab,2026-08-06T08:12:00,2026-08-06T20:12:00,PROCESSED,PATH-0294,MOL-0294
SPEC-0295,CASE-0295,2026-07-18T06:34:00,Bilateral Conjunctival Swab,2026-07-18T07:34:00,2026-07-18T13:34:00,PROCESSED,PATH-0295,MOL-0295
SPEC-0296,CASE-0296,2026-08-09T10:11:00,Right Tear Film,2026-08-09T12:11:00,2026-08-09T20:11:00,LOST_LINKAGE,,
SPEC-0297,CASE-0297,2026-08-01T03:55:00,Left Tear Film,2026-08-01T06:55:00,2026-08-01T14:55:00,PROCESSED,PATH-0297,
SPEC-0298,CASE-0298,2026-07-20T05:46:00,Bilateral Conjunctival Swab,2026-07-20T06:46:00,2026-07-20T10:46:00,PROCESSED,PATH-0298,MOL-0298
SPEC-0299,CASE-0299,2026-08-26T08:39:00,Bilateral Conjunctival Swab,2026-08-26T09:39:00,2026-08-26T14:39:00,PROCESSED,PATH-0299,MOL-0299
SPEC-0300,CASE-0300,2026-07-25T07:53:00,Left Tear Film,2026-07-25T10:53:00,2026-07-25T14:53:00,PROCESSED,PATH-0300,MOL-0300
SPEC-0301,CASE-0301,2026-08-01T08:47:00,Bilateral Conjunctival Swab,2026-08-01T09:47:00,2026-08-01T16:47:00,PROCESSED,PATH-0301,
SPEC-0302,CASE-0302,2026-07-25T08:26:00,Left Epithelial Scraping,2026-07-25T09:26:00,2026-07-25T16:26:00,PROCESSED,PATH-0302,
SPEC-0303,CASE-0303,2026-08-22T10:44:00,Left Tear Film,2026-08-22T13:44:00,2026-08-22T23:44:00,PROCESSED,PATH-0303,MOL-0303
SPEC-0304,CASE-0304,2026-08-23T05:13:00,Right Anterior Chamber Micro-aspirate,2026-08-23T07:13:00,2026-08-23T16:13:00,PROCESSED,PATH-0304,MOL-0304
SPEC-0305,CASE-0305,2026-08-22T09:11:00,Left Tear Film,2026-08-22T12:11:00,2026-08-22T16:11:00,PROCESSED,PATH-0305,MOL-0305
SPEC-0306,CASE-0306,2026-08-08T08:14:00,Bilateral Conjunctival Swab,2026-08-08T10:14:00,2026-08-08T16:14:00,PROCESSED,PATH-0306,MOL-0306
SPEC-0307,CASE-0307,2026-08-28T04:26:00,Left Tear Film,2026-08-28T07:26:00,2026-08-28T13:26:00,PROCESSED,PATH-0307,MOL-0307
SPEC-0308,CASE-0308,2026-08-27T10:54:00,Left Epithelial Scraping,2026-08-27T11:54:00,2026-08-27T21:54:00,PROCESSED,PATH-0308,MOL-0308
SPEC-0309,CASE-0309,2026-08-11T07:16:00,Left Epithelial Scraping,2026-08-11T09:16:00,2026-08-11T20:16:00,PROCESSED,PATH-0309,MOL-0309
SPEC-0310,CASE-0310,2026-08-01T04:12:00,Right Anterior Chamber Micro-aspirate,2026-08-01T06:12:00,2026-08-01T18:12:00,PROCESSED,PATH-0310,MOL-0310
SPEC-0311,CASE-0311,2026-07-21T11:53:00,Bilateral Conjunctival Swab,2026-07-21T12:53:00,2026-07-21T17:53:00,PROCESSED,PATH-0311,MOL-0311
SPEC-0312,CASE-0312,2026-07-16T02:47:00,Right Tear Film,2026-07-16T05:47:00,2026-07-16T12:47:00,PROCESSED,PATH-0312,MOL-0312
SPEC-0313,CASE-0313,2026-08-14T09:12:00,Left Tear Film,2026-08-14T12:12:00,2026-08-14T16:12:00,PROCESSED,PATH-0313,MOL-0313
SPEC-0314,CASE-0314,2026-07-15T05:34:00,Right Anterior Chamber Micro-aspirate,2026-07-15T08:34:00,2026-07-15T14:34:00,PROCESSED,PATH-0314,MOL-0314
SPEC-0315,CASE-0315,2026-07-27T12:16:00,Right Tear Film,2026-07-27T13:16:00,2026-07-27T17:16:00,PROCESSED,PATH-0315,MOL-0315
SPEC-0316,CASE-0316,2026-07-22T07:42:00,Right Tear Film,2026-07-22T09:42:00,2026-07-22T15:42:00,PROCESSED,PATH-0316,
SPEC-0317,CASE-0317,2026-07-19T10:34:00,Left Epithelial Scraping,2026-07-19T11:34:00,2026-07-19T17:34:00,PROCESSED,PATH-0317,MOL-0317
SPEC-0318,CASE-0318,2026-07-29T12:32:00,Right Tear Film,2026-07-29T13:32:00,2026-07-29T18:32:00,PROCESSED,PATH-0318,MOL-0318
SPEC-0319,CASE-0319,2026-07-24T08:55:00,Left Epithelial Scraping,2026-07-24T11:55:00,2026-07-24T23:55:00,PROCESSED,PATH-0319,MOL-0319
SPEC-0320,CASE-0320,2026-08-25T03:52:00,Right Tear Film,2026-08-25T05:52:00,2026-08-25T10:52:00,PROCESSED,PATH-0320,MOL-0320
SPEC-0321,CASE-0321,2026-07-25T13:02:00,Right Tear Film,2026-07-25T16:02:00,2026-07-26T00:02:00,PROCESSED,PATH-0321,MOL-0321
SPEC-0322,CASE-0322,2026-08-21T03:37:00,Right Tear Film,2026-08-21T06:37:00,2026-08-21T13:37:00,PROCESSED,PATH-0322,MOL-0322
SPEC-0323,CASE-0323,2026-07-31T06:15:00,Right Tear Film,2026-07-31T07:15:00,2026-07-31T13:15:00,PROCESSED,PATH-0323,MOL-0323
SPEC-0324,CASE-0324,2026-08-25T07:01:00,Bilateral Conjunctival Swab,2026-08-25T08:01:00,2026-08-25T12:01:00,PROCESSED,PATH-0324,MOL-0324
SPEC-0325,CASE-0325,2026-07-31T11:33:00,Left Tear Film,2026-07-31T14:33:00,2026-08-01T01:33:00,PROCESSED,PATH-0325,MOL-0325
SPEC-0326,CASE-0326,2026-08-07T07:12:00,Left Tear Film,2026-08-07T10:12:00,2026-08-07T20:12:00,PROCESSED,PATH-0326,MOL-0326
SPEC-0327,CASE-0327,2026-08-29T06:32:00,Left Tear Film,2026-08-29T09:32:00,2026-08-29T19:32:00,PROCESSED,PATH-0327,MOL-0327
SPEC-0328,CASE-0328,2026-08-18T09:51:00,Right Tear Film,2026-08-18T12:51:00,2026-08-18T22:51:00,PROCESSED,PATH-0328,MOL-0328
SPEC-0329,CASE-0329,2026-08-29T07:46:00,Left Epithelial Scraping,2026-08-29T10:46:00,2026-08-29T22:46:00,PROCESSED,PATH-0329,
SPEC-0330,CASE-0330,2026-08-08T10:03:00,Right Tear Film,2026-08-08T13:03:00,2026-08-08T19:03:00,PROCESSED,PATH-0330,MOL-0330
SPEC-0331,CASE-0331,2026-07-31T13:49:00,Right Anterior Chamber Micro-aspirate,2026-07-31T16:49:00,2026-08-01T02:49:00,PROCESSED,PATH-0331,
SPEC-0332,CASE-0332,2026-09-01T10:23:00,Right Tear Film,2026-09-01T11:23:00,2026-09-01T19:23:00,LOST_LINKAGE,,
SPEC-0333,CASE-0333,2026-09-01T06:19:00,Left Tear Film,2026-09-01T09:19:00,2026-09-01T17:19:00,PROCESSED,PATH-0333,MOL-0333
SPEC-0334,CASE-0334,2026-08-18T06:42:00,Left Tear Film,2026-08-18T07:42:00,2026-08-18T15:42:00,LOST_LINKAGE,,
SPEC-0335,CASE-0335,2026-07-20T01:47:00,Right Tear Film,2026-07-20T02:47:00,2026-07-20T06:47:00,PROCESSED,PATH-0335,MOL-0335
SPEC-0336,CASE-0336,2026-07-29T06:05:00,Right Tear Film,2026-07-29T07:05:00,2026-07-29T14:05:00,PROCESSED,PATH-0336,MOL-0336
SPEC-0337,CASE-0337,2026-08-25T09:53:00,Bilateral Conjunctival Swab,2026-08-25T12:53:00,2026-08-25T20:53:00,PROCESSED,PATH-0337,MOL-0337
SPEC-0338,CASE-0338,2026-07-22T11:39:00,Right Anterior Chamber Micro-aspirate,2026-07-22T13:39:00,2026-07-23T00:39:00,PROCESSED,PATH-0338,MOL-0338
SPEC-0339,CASE-0339,2026-08-18T05:54:00,Left Tear Film,2026-08-18T07:54:00,2026-08-18T18:54:00,PROCESSED,PATH-0339,MOL-0339
SPEC-0340,CASE-0340,2026-08-25T11:35:00,Left Epithelial Scraping,2026-08-25T14:35:00,2026-08-25T20:35:00,PROCESSED,PATH-0340,MOL-0340
SPEC-0341,CASE-0341,2026-08-29T11:21:00,Left Epithelial Scraping,2026-08-29T13:21:00,2026-08-29T18:21:00,PROCESSED,PATH-0341,MOL-0341
SPEC-0342,CASE-0342,2026-08-18T04:48:00,Right Tear Film,2026-08-18T06:48:00,2026-08-18T14:48:00,LOST_LINKAGE,,
SPEC-0343,CASE-0343,2026-07-25T12:11:00,Bilateral Conjunctival Swab,2026-07-25T13:11:00,2026-07-25T22:11:00,PROCESSED,PATH-0343,MOL-0343
SPEC-0344,CASE-0344,2026-07-16T03:53:00,Left Epithelial Scraping,2026-07-16T06:53:00,2026-07-16T12:53:00,PROCESSED,PATH-0344,MOL-0344
SPEC-0345,CASE-0345,2026-07-18T05:44:00,Right Tear Film,2026-07-18T07:44:00,2026-07-18T13:44:00,PROCESSED,PATH-0345,MOL-0345
SPEC-0346,CASE-0346,2026-08-04T12:52:00,Right Tear Film,2026-08-04T14:52:00,2026-08-04T22:52:00,PROCESSED,PATH-0346,MOL-0346
SPEC-0347,CASE-0347,2026-07-27T06:05:00,Bilateral Conjunctival Swab,2026-07-27T07:05:00,2026-07-27T16:05:00,PROCESSED,PATH-0347,MOL-0347
SPEC-0348,CASE-0348,2026-08-19T05:23:00,Bilateral Conjunctival Swab,2026-08-19T06:23:00,2026-08-19T11:23:00,PROCESSED,PATH-0348,MOL-0348
SPEC-0349,CASE-0349,2026-08-27T04:38:00,Left Tear Film,2026-08-27T05:38:00,2026-08-27T16:38:00,PROCESSED,PATH-0349,MOL-0349
SPEC-0350,CASE-0350,2026-07-26T12:57:00,Bilateral Conjunctival Swab,2026-07-26T14:57:00,2026-07-27T00:57:00,PROCESSED,PATH-0350,MOL-0350
SPEC-0351,CASE-0351,2026-08-22T06:32:00,Right Anterior Chamber Micro-aspirate,2026-08-22T09:32:00,2026-08-22T14:32:00,PROCESSED,PATH-0351,MOL-0351
SPEC-0352,CASE-0352,2026-07-28T07:52:00,Right Tear Film,2026-07-28T10:52:00,2026-07-28T17:52:00,PROCESSED,PATH-0352,MOL-0352
SPEC-0353,CASE-0353,2026-07-27T04:44:00,Left Epithelial Scraping,2026-07-27T07:44:00,2026-07-27T13:44:00,PROCESSED,PATH-0353,MOL-0353
SPEC-0354,CASE-0354,2026-08-05T11:19:00,Left Epithelial Scraping,2026-08-05T13:19:00,2026-08-05T20:19:00,PROCESSED,PATH-0354,MOL-0354
SPEC-0355,CASE-0355,2026-07-25T09:53:00,Right Anterior Chamber Micro-aspirate,2026-07-25T10:53:00,2026-07-25T20:53:00,PROCESSED,PATH-0355,
SPEC-0356,CASE-0356,2026-08-13T14:02:00,Left Tear Film,2026-08-13T17:02:00,2026-08-13T23:02:00,PROCESSED,PATH-0356,MOL-0356
SPEC-0357,CASE-0357,2026-08-20T13:37:00,Left Tear Film,2026-08-20T15:37:00,2026-08-20T23:37:00,LOST_LINKAGE,,
SPEC-0358,CASE-0358,2026-07-16T08:07:00,Bilateral Conjunctival Swab,2026-07-16T11:07:00,2026-07-16T21:07:00,PROCESSED,PATH-0358,MOL-0358
SPEC-0359,CASE-0359,2026-08-05T09:37:00,Left Tear Film,2026-08-05T11:37:00,2026-08-05T20:37:00,PROCESSED,PATH-0359,MOL-0359
SPEC-0360,CASE-0360,2026-08-26T05:42:00,Left Epithelial Scraping,2026-08-26T06:42:00,2026-08-26T15:42:00,PROCESSED,PATH-0360,MOL-0360
SPEC-0361,CASE-0361,2026-08-07T10:02:00,Right Anterior Chamber Micro-aspirate,2026-08-07T12:02:00,2026-08-07T20:02:00,PROCESSED,PATH-0361,MOL-0361
SPEC-0362,CASE-0362,2026-07-19T08:45:00,Left Tear Film,2026-07-19T10:45:00,2026-07-19T18:45:00,PROCESSED,PATH-0362,MOL-0362
SPEC-0363,CASE-0363,2026-07-30T03:44:00,Right Tear Film,2026-07-30T06:44:00,2026-07-30T11:44:00,PROCESSED,PATH-0363,MOL-0363
SPEC-0364,CASE-0364,2026-08-01T10:38:00,Right Anterior Chamber Micro-aspirate,2026-08-01T11:38:00,2026-08-01T19:38:00,PROCESSED,PATH-0364,MOL-0364
SPEC-0365,CASE-0365,2026-08-03T11:42:00,Left Tear Film,2026-08-03T12:42:00,2026-08-03T20:42:00,PROCESSED,PATH-0365,MOL-0365
SPEC-0366,CASE-0366,2026-08-25T08:52:00,Left Epithelial Scraping,2026-08-25T10:52:00,2026-08-25T18:52:00,PROCESSED,PATH-0366,
SPEC-0367,CASE-0367,2026-07-31T03:29:00,Right Tear Film,2026-07-31T04:29:00,2026-07-31T10:29:00,PROCESSED,PATH-0367,MOL-0367
SPEC-0368,CASE-0368,2026-07-27T09:06:00,Bilateral Conjunctival Swab,2026-07-27T10:06:00,2026-07-27T19:06:00,PROCESSED,PATH-0368,MOL-0368
SPEC-0369,CASE-0369,2026-08-23T07:28:00,Left Epithelial Scraping,2026-08-23T09:28:00,2026-08-23T19:28:00,PROCESSED,PATH-0369,MOL-0369
SPEC-0370,CASE-0370,2026-08-05T05:23:00,Right Tear Film,2026-08-05T08:23:00,2026-08-05T13:23:00,PROCESSED,PATH-0370,MOL-0370
SPEC-0371,CASE-0371,2026-08-14T02:17:00,Left Epithelial Scraping,2026-08-14T04:17:00,2026-08-14T12:17:00,PROCESSED,PATH-0371,
SPEC-0372,CASE-0372,2026-08-24T09:43:00,Right Anterior Chamber Micro-aspirate,2026-08-24T12:43:00,2026-08-24T21:43:00,PROCESSED,PATH-0372,MOL-0372
SPEC-0373,CASE-0373,2026-08-31T04:54:00,Right Tear Film,2026-08-31T05:54:00,2026-08-31T13:54:00,PROCESSED,PATH-0373,MOL-0373
SPEC-0374,CASE-0374,2026-07-30T08:24:00,Left Tear Film,2026-07-30T11:24:00,2026-07-30T16:24:00,PROCESSED,PATH-0374,MOL-0374
SPEC-0375,CASE-0375,2026-08-17T02:43:00,Bilateral Conjunctival Swab,2026-08-17T05:43:00,2026-08-17T16:43:00,PROCESSED,PATH-0375,
SPEC-0376,CASE-0376,2026-07-19T12:30:00,Bilateral Conjunctival Swab,2026-07-19T15:30:00,2026-07-20T02:30:00,PROCESSED,PATH-0376,MOL-0376
SPEC-0377,CASE-0377,2026-08-08T03:55:00,Left Epithelial Scraping,2026-08-08T06:55:00,2026-08-08T18:55:00,PROCESSED,PATH-0377,MOL-0377
SPEC-0378,CASE-0378,2026-08-26T05:16:00,Left Tear Film,2026-08-26T08:16:00,2026-08-26T12:16:00,PROCESSED,PATH-0378,
SPEC-0379,CASE-0379,2026-07-23T01:24:00,Left Tear Film,2026-07-23T02:24:00,2026-07-23T10:24:00,LOST_LINKAGE,,
SPEC-0380,CASE-0380,2026-07-20T06:28:00,Left Epithelial Scraping,2026-07-20T07:28:00,2026-07-20T13:28:00,PROCESSED,PATH-0380,MOL-0380
SPEC-0381,CASE-0381,2026-07-29T05:58:00,Bilateral Conjunctival Swab,2026-07-29T08:58:00,2026-07-29T19:58:00,PROCESSED,PATH-0381,MOL-0381
SPEC-0382,CASE-0382,2026-07-21T11:44:00,Right Anterior Chamber Micro-aspirate,2026-07-21T14:44:00,2026-07-21T23:44:00,PROCESSED,PATH-0382,MOL-0382
SPEC-0383,CASE-0383,2026-07-16T10:24:00,Right Tear Film,2026-07-16T11:24:00,2026-07-16T18:24:00,PROCESSED,PATH-0383,MOL-0383
SPEC-0384,CASE-0384,2026-08-21T07:57:00,Bilateral Conjunctival Swab,2026-08-21T09:57:00,2026-08-21T17:57:00,PROCESSED,PATH-0384,
SPEC-0385,CASE-0385,2026-08-15T06:15:00,Right Anterior Chamber Micro-aspirate,2026-08-15T07:15:00,2026-08-15T14:15:00,PROCESSED,PATH-0385,MOL-0385
SPEC-0386,CASE-0386,2026-07-26T07:40:00,Bilateral Conjunctival Swab,2026-07-26T10:40:00,2026-07-26T14:40:00,PROCESSED,PATH-0386,MOL-0386
SPEC-0387,CASE-0387,2026-08-19T11:38:00,Bilateral Conjunctival Swab,2026-08-19T12:38:00,2026-08-19T16:38:00,PROCESSED,PATH-0387,MOL-0387
SPEC-0388,CASE-0388,2026-08-15T09:42:00,Right Tear Film,2026-08-15T10:42:00,2026-08-15T20:42:00,PROCESSED,PATH-0388,MOL-0388
SPEC-0389,CASE-0389,2026-08-16T06:43:00,Right Tear Film,2026-08-16T09:43:00,2026-08-16T16:43:00,PROCESSED,PATH-0389,MOL-0389
SPEC-0390,CASE-0390,2026-07-25T08:37:00,Left Epithelial Scraping,2026-07-25T09:37:00,2026-07-25T18:37:00,PROCESSED,PATH-0390,MOL-0390
SPEC-0391,CASE-0391,2026-08-14T08:01:00,Left Epithelial Scraping,2026-08-14T09:01:00,2026-08-14T16:01:00,PROCESSED,PATH-0391,MOL-0391
SPEC-0392,CASE-0392,2026-07-21T02:26:00,Right Anterior Chamber Micro-aspirate,2026-07-21T05:26:00,2026-07-21T12:26:00,PROCESSED,PATH-0392,MOL-0392
SPEC-0393,CASE-0393,2026-08-06T08:23:00,Right Tear Film,2026-08-06T09:23:00,2026-08-06T20:23:00,PROCESSED,PATH-0393,MOL-0393
SPEC-0394,CASE-0394,2026-08-24T02:04:00,Right Anterior Chamber Micro-aspirate,2026-08-24T03:04:00,2026-08-24T12:04:00,PROCESSED,PATH-0394,
SPEC-0395,CASE-0395,2026-07-15T06:15:00,Left Epithelial Scraping,2026-07-15T08:15:00,2026-07-15T12:15:00,PROCESSED,PATH-0395,MOL-0395
SPEC-0396,CASE-0396,2026-07-16T09:32:00,Left Tear Film,2026-07-16T10:32:00,2026-07-16T15:32:00,PROCESSED,PATH-0396,MOL-0396
SPEC-0397,CASE-0397,2026-08-31T05:46:00,Left Tear Film,2026-08-31T07:46:00,2026-08-31T12:46:00,PROCESSED,PATH-0397,MOL-0397
SPEC-0398,CASE-0398,2026-07-18T03:39:00,Left Epithelial Scraping,2026-07-18T06:39:00,2026-07-18T11:39:00,PROCESSED,PATH-0398,MOL-0398
SPEC-0399,CASE-0399,2026-08-16T03:35:00,Right Tear Film,2026-08-16T04:35:00,2026-08-16T11:35:00,PROCESSED,PATH-0399,MOL-0399
SPEC-0400,CASE-0400,2026-07-21T11:37:00,Right Anterior Chamber Micro-aspirate,2026-07-21T13:37:00,2026-07-21T23:37:00,PROCESSED,PATH-0400,MOL-0400
SPEC-0401,CASE-0401,2026-08-18T05:03:00,Left Epithelial Scraping,2026-08-18T06:03:00,2026-08-18T10:03:00,PROCESSED,PATH-0401,
SPEC-0402,CASE-0402,2026-07-29T04:04:00,Bilateral Conjunctival Swab,2026-07-29T05:04:00,2026-07-29T13:04:00,PROCESSED,PATH-0402,MOL-0402
SPEC-0403,CASE-0403,2026-08-24T10:04:00,Right Anterior Chamber Micro-aspirate,2026-08-24T12:04:00,2026-08-24T21:04:00,PROCESSED,PATH-0403,MOL-0403
SPEC-0404,CASE-0404,2026-08-05T13:45:00,Left Tear Film,2026-08-05T14:45:00,2026-08-06T00:45:00,PROCESSED,PATH-0404,MOL-0404
SPEC-0405,CASE-0405,2026-07-23T11:53:00,Left Tear Film,2026-07-23T14:53:00,2026-07-23T23:53:00,PROCESSED,PATH-0405,MOL-0405
SPEC-0406,CASE-0406,2026-07-22T08:39:00,Right Anterior Chamber Micro-aspirate,2026-07-22T11:39:00,2026-07-22T19:39:00,LOST_LINKAGE,,
SPEC-0407,CASE-0407,2026-07-30T08:20:00,Right Anterior Chamber Micro-aspirate,2026-07-30T09:20:00,2026-07-30T18:20:00,PROCESSED,PATH-0407,MOL-0407
SPEC-0408,CASE-0408,2026-07-29T05:38:00,Bilateral Conjunctival Swab,2026-07-29T07:38:00,2026-07-29T17:38:00,PROCESSED,PATH-0408,MOL-0408
SPEC-0409,CASE-0409,2026-08-15T09:43:00,Right Tear Film,2026-08-15T10:43:00,2026-08-15T21:43:00,PROCESSED,PATH-0409,MOL-0409
SPEC-0410,CASE-0410,2026-07-15T12:44:00,Right Anterior Chamber Micro-aspirate,2026-07-15T15:44:00,2026-07-16T02:44:00,PROCESSED,PATH-0410,MOL-0410
SPEC-0411,CASE-0411,2026-08-10T08:46:00,Right Tear Film,2026-08-10T09:46:00,2026-08-10T17:46:00,PROCESSED,PATH-0411,MOL-0411
SPEC-0412,CASE-0412,2026-08-15T11:23:00,Right Tear Film,2026-08-15T12:23:00,2026-08-15T22:23:00,PROCESSED,PATH-0412,MOL-0412
SPEC-0413,CASE-0413,2026-07-16T13:38:00,Left Epithelial Scraping,2026-07-16T14:38:00,2026-07-16T22:38:00,PROCESSED,PATH-0413,
SPEC-0414,CASE-0414,2026-08-13T06:24:00,Left Tear Film,2026-08-13T07:24:00,2026-08-13T11:24:00,PROCESSED,PATH-0414,MOL-0414
SPEC-0415,CASE-0415,2026-07-18T10:48:00,Left Epithelial Scraping,2026-07-18T12:48:00,2026-07-18T21:48:00,PROCESSED,PATH-0415,MOL-0415
SPEC-0416,CASE-0416,2026-07-27T10:15:00,Bilateral Conjunctival Swab,2026-07-27T13:15:00,2026-07-27T22:15:00,PROCESSED,PATH-0416,MOL-0416
SPEC-0417,CASE-0417,2026-08-06T04:38:00,Left Epithelial Scraping,2026-08-06T06:38:00,2026-08-06T15:38:00,PROCESSED,PATH-0417,MOL-0417
SPEC-0418,CASE-0418,2026-08-06T04:10:00,Left Tear Film,2026-08-06T05:10:00,2026-08-06T13:10:00,PROCESSED,PATH-0418,
SPEC-0419,CASE-0419,2026-09-01T08:47:00,Right Anterior Chamber Micro-aspirate,2026-09-01T10:47:00,2026-09-01T22:47:00,PROCESSED,PATH-0419,MOL-0419
SPEC-0420,CASE-0420,2026-08-12T10:34:00,Left Epithelial Scraping,2026-08-12T12:34:00,2026-08-12T21:34:00,PROCESSED,PATH-0420,MOL-0420
SPEC-0421,CASE-0421,2026-08-20T13:46:00,Right Tear Film,2026-08-20T16:46:00,2026-08-21T04:46:00,PROCESSED,PATH-0421,MOL-0421
SPEC-0422,CASE-0422,2026-09-01T11:39:00,Left Epithelial Scraping,2026-09-01T14:39:00,2026-09-01T22:39:00,LOST_LINKAGE,,
SPEC-0423,CASE-0423,2026-07-20T11:50:00,Right Tear Film,2026-07-20T14:50:00,2026-07-20T22:50:00,PROCESSED,PATH-0423,MOL-0423
SPEC-0424,CASE-0424,2026-08-10T14:25:00,Right Tear Film,2026-08-10T17:25:00,2026-08-11T04:25:00,PROCESSED,PATH-0424,MOL-0424
SPEC-0425,CASE-0425,2026-07-23T06:32:00,Left Tear Film,2026-07-23T08:32:00,2026-07-23T19:32:00,PROCESSED,PATH-0425,MOL-0425
SPEC-0426,CASE-0426,2026-08-15T14:33:00,Left Epithelial Scraping,2026-08-15T16:33:00,2026-08-16T02:33:00,PROCESSED,PATH-0426,
SPEC-0427,CASE-0427,2026-09-01T09:38:00,Left Tear Film,2026-09-01T11:38:00,2026-09-01T19:38:00,LOST_LINKAGE,,
SPEC-0428,CASE-0428,2026-08-31T09:20:00,Left Epithelial Scraping,2026-08-31T10:20:00,2026-08-31T18:20:00,LOST_LINKAGE,,
SPEC-0429,CASE-0429,2026-08-10T08:33:00,Right Tear Film,2026-08-10T10:33:00,2026-08-10T18:33:00,PROCESSED,PATH-0429,MOL-0429
SPEC-0430,CASE-0430,2026-08-06T09:19:00,Left Epithelial Scraping,2026-08-06T10:19:00,2026-08-06T20:19:00,PROCESSED,PATH-0430,MOL-0430
SPEC-0431,CASE-0431,2026-08-14T10:02:00,Right Tear Film,2026-08-14T11:02:00,2026-08-14T22:02:00,PROCESSED,PATH-0431,MOL-0431
SPEC-0432,CASE-0432,2026-07-18T04:52:00,Left Tear Film,2026-07-18T07:52:00,2026-07-18T12:52:00,PROCESSED,PATH-0432,MOL-0432
SPEC-0433,CASE-0433,2026-07-19T11:30:00,Left Epithelial Scraping,2026-07-19T14:30:00,2026-07-19T20:30:00,PROCESSED,PATH-0433,MOL-0433
SPEC-0434,CASE-0434,2026-08-23T02:41:00,Bilateral Conjunctival Swab,2026-08-23T05:41:00,2026-08-23T17:41:00,PROCESSED,PATH-0434,MOL-0434
SPEC-0435,CASE-0435,2026-08-28T07:45:00,Right Anterior Chamber Micro-aspirate,2026-08-28T10:45:00,2026-08-28T14:45:00,PROCESSED,PATH-0435,MOL-0435
SPEC-0436,CASE-0436,2026-07-27T02:44:00,Bilateral Conjunctival Swab,2026-07-27T03:44:00,2026-07-27T15:44:00,PROCESSED,PATH-0436,MOL-0436
SPEC-0437,CASE-0437,2026-08-04T13:29:00,Left Tear Film,2026-08-04T15:29:00,2026-08-05T02:29:00,PROCESSED,PATH-0437,MOL-0437
SPEC-0438,CASE-0438,2026-08-25T08:28:00,Bilateral Conjunctival Swab,2026-08-25T09:28:00,2026-08-25T16:28:00,PROCESSED,PATH-0438,MOL-0438
SPEC-0439,CASE-0439,2026-08-12T10:47:00,Bilateral Conjunctival Swab,2026-08-12T12:47:00,2026-08-12T21:47:00,PROCESSED,PATH-0439,MOL-0439
SPEC-0440,CASE-0440,2026-08-24T06:10:00,Right Tear Film,2026-08-24T08:10:00,2026-08-24T13:10:00,PROCESSED,PATH-0440,MOL-0440
SPEC-0441,CASE-0441,2026-07-25T02:35:00,Left Epithelial Scraping,2026-07-25T05:35:00,2026-07-25T13:35:00,PROCESSED,PATH-0441,MOL-0441
SPEC-0442,CASE-0442,2026-08-14T13:51:00,Right Anterior Chamber Micro-aspirate,2026-08-14T15:51:00,2026-08-15T01:51:00,PROCESSED,PATH-0442,MOL-0442
SPEC-0443,CASE-0443,2026-08-01T07:23:00,Bilateral Conjunctival Swab,2026-08-01T08:23:00,2026-08-01T18:23:00,PROCESSED,PATH-0443,
SPEC-0444,CASE-0444,2026-08-28T11:18:00,Left Tear Film,2026-08-28T12:18:00,2026-08-28T20:18:00,PROCESSED,PATH-0444,MOL-0444
SPEC-0445,CASE-0445,2026-08-23T08:40:00,Left Tear Film,2026-08-23T10:40:00,2026-08-23T18:40:00,PROCESSED,PATH-0445,MOL-0445
SPEC-0446,CASE-0446,2026-07-16T10:35:00,Bilateral Conjunctival Swab,2026-07-16T13:35:00,2026-07-16T22:35:00,PROCESSED,PATH-0446,MOL-0446
SPEC-0447,CASE-0447,2026-09-01T07:08:00,Bilateral Conjunctival Swab,2026-09-01T09:08:00,2026-09-01T13:08:00,PROCESSED,PATH-0447,MOL-0447
SPEC-0448,CASE-0448,2026-09-01T09:26:00,Left Tear Film,2026-09-01T11:26:00,2026-09-01T16:26:00,PROCESSED,PATH-0448,
SPEC-0449,CASE-0449,2026-07-23T05:01:00,Right Tear Film,2026-07-23T07:01:00,2026-07-23T14:01:00,PROCESSED,PATH-0449,MOL-0449
SPEC-0450,CASE-0450,2026-07-23T11:40:00,Right Tear Film,2026-07-23T12:40:00,2026-07-23T17:40:00,PROCESSED,PATH-0450,MOL-0450
SPEC-0451,CASE-0451,2026-07-17T06:38:00,Left Tear Film,2026-07-17T07:38:00,2026-07-17T11:38:00,PROCESSED,PATH-0451,MOL-0451
SPEC-0452,CASE-0452,2026-07-23T04:34:00,Bilateral Conjunctival Swab,2026-07-23T07:34:00,2026-07-23T12:34:00,PROCESSED,PATH-0452,MOL-0452
SPEC-0453,CASE-0453,2026-08-26T08:30:00,Bilateral Conjunctival Swab,2026-08-26T09:30:00,2026-08-26T16:30:00,PROCESSED,PATH-0453,MOL-0453
SPEC-0454,CASE-0454,2026-07-23T03:45:00,Bilateral Conjunctival Swab,2026-07-23T04:45:00,2026-07-23T09:45:00,PROCESSED,PATH-0454,MOL-0454
SPEC-0455,CASE-0455,2026-08-24T12:29:00,Left Tear Film,2026-08-24T15:29:00,2026-08-24T21:29:00,PROCESSED,PATH-0455,MOL-0455
SPEC-0456,CASE-0456,2026-07-25T04:45:00,Bilateral Conjunctival Swab,2026-07-25T07:45:00,2026-07-25T18:45:00,PROCESSED,PATH-0456,MOL-0456
SPEC-0457,CASE-0457,2026-08-26T09:06:00,Right Tear Film,2026-08-26T12:06:00,2026-08-26T20:06:00,PROCESSED,PATH-0457,MOL-0457
SPEC-0458,CASE-0458,2026-07-15T08:36:00,Right Tear Film,2026-07-15T09:36:00,2026-07-15T18:36:00,PROCESSED,PATH-0458,MOL-0458
SPEC-0459,CASE-0459,2026-08-17T08:31:00,Left Tear Film,2026-08-17T10:31:00,2026-08-17T22:31:00,PROCESSED,PATH-0459,MOL-0459
SPEC-0460,CASE-0460,2026-07-23T10:11:00,Bilateral Conjunctival Swab,2026-07-23T13:11:00,2026-07-24T01:11:00,PROCESSED,PATH-0460,MOL-0460
SPEC-0461,CASE-0461,2026-08-27T02:01:00,Bilateral Conjunctival Swab,2026-08-27T05:01:00,2026-08-27T11:01:00,PROCESSED,PATH-0461,MOL-0461
SPEC-0462,CASE-0462,2026-08-17T12:05:00,Bilateral Conjunctival Swab,2026-08-17T14:05:00,2026-08-18T00:05:00,PROCESSED,PATH-0462,MOL-0462
SPEC-0463,CASE-0463,2026-07-19T11:09:00,Bilateral Conjunctival Swab,2026-07-19T12:09:00,2026-07-19T23:09:00,PROCESSED,PATH-0463,MOL-0463
SPEC-0464,CASE-0464,2026-07-28T11:02:00,Bilateral Conjunctival Swab,2026-07-28T14:02:00,2026-07-29T01:02:00,PROCESSED,PATH-0464,MOL-0464
SPEC-0465,CASE-0465,2026-07-24T10:14:00,Right Anterior Chamber Micro-aspirate,2026-07-24T12:14:00,2026-07-24T22:14:00,PROCESSED,PATH-0465,MOL-0465
SPEC-0466,CASE-0466,2026-08-01T09:48:00,Left Epithelial Scraping,2026-08-01T10:48:00,2026-08-01T14:48:00,PROCESSED,PATH-0466,MOL-0466
SPEC-0467,CASE-0467,2026-07-27T06:05:00,Right Anterior Chamber Micro-aspirate,2026-07-27T09:05:00,2026-07-27T15:05:00,PROCESSED,PATH-0467,MOL-0467
SPEC-0468,CASE-0468,2026-08-01T10:21:00,Right Tear Film,2026-08-01T11:21:00,2026-08-01T21:21:00,PROCESSED,PATH-0468,MOL-0468
SPEC-0469,CASE-0469,2026-07-22T09:41:00,Right Tear Film,2026-07-22T11:41:00,2026-07-22T19:41:00,PROCESSED,PATH-0469,MOL-0469
SPEC-0470,CASE-0470,2026-07-16T11:25:00,Right Tear Film,2026-07-16T12:25:00,2026-07-16T21:25:00,PROCESSED,PATH-0470,MOL-0470
SPEC-0471,CASE-0471,2026-08-14T12:02:00,Right Anterior Chamber Micro-aspirate,2026-08-14T14:02:00,2026-08-14T18:02:00,PROCESSED,PATH-0471,MOL-0471
SPEC-0472,CASE-0472,2026-08-04T10:17:00,Right Tear Film,2026-08-04T12:17:00,2026-08-04T20:17:00,PROCESSED,PATH-0472,MOL-0472
SPEC-0473,CASE-0473,2026-07-30T14:29:00,Bilateral Conjunctival Swab,2026-07-30T15:29:00,2026-07-30T22:29:00,PROCESSED,PATH-0473,
SPEC-0474,CASE-0474,2026-08-16T12:37:00,Left Epithelial Scraping,2026-08-16T13:37:00,2026-08-16T19:37:00,PROCESSED,PATH-0474,MOL-0474
SPEC-0475,CASE-0475,2026-07-29T10:20:00,Right Tear Film,2026-07-29T13:20:00,2026-07-30T01:20:00,PROCESSED,PATH-0475,
SPEC-0476,CASE-0476,2026-07-22T06:41:00,Right Anterior Chamber Micro-aspirate,2026-07-22T09:41:00,2026-07-22T15:41:00,PROCESSED,PATH-0476,MOL-0476
SPEC-0477,CASE-0477,2026-07-29T08:34:00,Left Epithelial Scraping,2026-07-29T11:34:00,2026-07-29T19:34:00,LOST_LINKAGE,,
SPEC-0478,CASE-0478,2026-08-19T07:50:00,Right Tear Film,2026-08-19T08:50:00,2026-08-19T19:50:00,PROCESSED,PATH-0478,MOL-0478
SPEC-0479,CASE-0479,2026-07-16T10:11:00,Left Epithelial Scraping,2026-07-16T11:11:00,2026-07-16T20:11:00,PROCESSED,PATH-0479,
SPEC-0480,CASE-0480,2026-08-11T09:41:00,Right Tear Film,2026-08-11T11:41:00,2026-08-11T16:41:00,PROCESSED,PATH-0480,MOL-0480
SPEC-0481,CASE-0481,2026-08-04T01:23:00,Bilateral Conjunctival Swab,2026-08-04T04:23:00,2026-08-04T11:23:00,PROCESSED,PATH-0481,MOL-0481
SPEC-0482,CASE-0482,2026-08-09T08:47:00,Left Tear Film,2026-08-09T11:47:00,2026-08-09T15:47:00,PROCESSED,PATH-0482,MOL-0482
SPEC-0483,CASE-0483,2026-08-30T09:15:00,Bilateral Conjunctival Swab,2026-08-30T12:15:00,2026-08-30T17:15:00,PROCESSED,PATH-0483,MOL-0483
SPEC-0484,CASE-0484,2026-08-23T01:08:00,Right Tear Film,2026-08-23T04:08:00,2026-08-23T09:08:00,PROCESSED,PATH-0484,MOL-0484
SPEC-0485,CASE-0485,2026-07-18T09:35:00,Bilateral Conjunctival Swab,2026-07-18T10:35:00,2026-07-18T17:35:00,PROCESSED,PATH-0485,MOL-0485
SPEC-0486,CASE-0486,2026-07-26T10:21:00,Right Anterior Chamber Micro-aspirate,2026-07-26T12:21:00,2026-07-26T20:21:00,LOST_LINKAGE,,
SPEC-0487,CASE-0487,2026-07-20T12:23:00,Right Anterior Chamber Micro-aspirate,2026-07-20T14:23:00,2026-07-21T01:23:00,PROCESSED,PATH-0487,MOL-0487
SPEC-0488,CASE-0488,2026-09-01T07:09:00,Right Anterior Chamber Micro-aspirate,2026-09-01T10:09:00,2026-09-01T21:09:00,PROCESSED,PATH-0488,
SPEC-0489,CASE-0489,2026-07-21T13:37:00,Left Epithelial Scraping,2026-07-21T16:37:00,2026-07-21T21:37:00,PROCESSED,PATH-0489,MOL-0489
SPEC-0490,CASE-0490,2026-08-04T09:33:00,Left Tear Film,2026-08-04T10:33:00,2026-08-04T17:33:00,PROCESSED,PATH-0490,MOL-0490
SPEC-0491,CASE-0491,2026-08-01T07:21:00,Left Tear Film,2026-08-01T09:21:00,2026-08-01T21:21:00,PROCESSED,PATH-0491,MOL-0491
SPEC-0492,CASE-0492,2026-08-29T11:26:00,Bilateral Conjunctival Swab,2026-08-29T12:26:00,2026-08-29T20:26:00,LOST_LINKAGE,,
SPEC-0493,CASE-0493,2026-08-03T09:49:00,Left Epithelial Scraping,2026-08-03T10:49:00,2026-08-03T19:49:00,PROCESSED,PATH-0493,
SPEC-0494,CASE-0494,2026-07-15T03:57:00,Right Anterior Chamber Micro-aspirate,2026-07-15T04:57:00,2026-07-15T15:57:00,PROCESSED,PATH-0494,
SPEC-0495,CASE-0495,2026-07-28T09:07:00,Left Tear Film,2026-07-28T10:07:00,2026-07-28T17:07:00,PROCESSED,PATH-0495,MOL-0495
SPEC-0496,CASE-0496,2026-07-21T05:24:00,Left Epithelial Scraping,2026-07-21T08:24:00,2026-07-21T12:24:00,PROCESSED,PATH-0496,
SPEC-0497,CASE-0497,2026-08-08T08:06:00,Right Tear Film,2026-08-08T09:06:00,2026-08-08T19:06:00,PROCESSED,PATH-0497,MOL-0497
SPEC-0498,CASE-0498,2026-07-26T09:36:00,Right Anterior Chamber Micro-aspirate,2026-07-26T12:36:00,2026-07-26T21:36:00,PROCESSED,PATH-0498,MOL-0498
SPEC-0499,CASE-0499,2026-09-01T10:20:00,Bilateral Conjunctival Swab,2026-09-01T12:20:00,2026-09-01T18:20:00,PROCESSED,PATH-0499,MOL-0499
SPEC-0500,CASE-0500,2026-09-01T12:54:00,Right Tear Film,2026-09-01T14:54:00,2026-09-01T20:54:00,PROCESSED,PATH-0500,
